Categoria-1,Ref,OLDVSCORE,VScore,RAWQP,QP,MediaGrezza,Valutazione,Anno,Produttore,Nome,Denominazione,Menzioni,Classificazione,Regione,PunteggioMedio,ValutazioneAIS,AIS,ValutazioneGR,GR,Tipologia,Prezzo,Composizione,Alcol,Bottiglie,Abbinamento,Affinamento,Descrizione,Note,PunteggioGuida3,PunteggioGuida4,PunteggioGuida5,PunteggioGuida6,PunteggioGuida7,Nazione,Entry,Millesimo,Tecnica,Zucchero
,0002265,,,,,,3,2013,Dario Coos,Colli Orientali Del Friuli Picolit,Colli Orientali Del Friuli Picolit,,DOCG,Friuli Venezia Giulia,85,2,84,3,86,Bianco Passito,45-49,Picolit 100%,13,1k,nd,2 mesi di appassimento + 12 mesi in barrique,,,na,na,na,na,na,Italia,2,,,
,0002265,,,,,,3,2014,Dario Coos,Colli Orientali Del Friuli Picolit,Colli Orientali Del Friuli Picolit,,DOCG,Friuli Venezia Giulia,86,nd,nd,3,86,Bianco Passito,45-49,Picolit 100%,13.5,1k,nd,2 mesi di appassimento + 12 mesi in barrique,,,na,na,na,na,na,Italia,2,,,
,0002265,,,,,,4,2015,Dario Coos,Colli Orientali Del Friuli Picolit,Colli Orientali Del Friuli Picolit,,DOCG,Friuli Venezia Giulia,89,4,89,nd,nd,Bianco Passito,45-49,Picolit 100%,13.5,1k,Fichi al caramello di miele e zafferano,2 mesi di appassimento + 12 mesi in barrique,"Giallo paglierino lucente. Corredo olfattivoelegante e d'impatto, con sentori di gelsomino,zagara e tiglio, poi cenni fruttati di albicocca,gelatina di pera ed erbe aromatiche; ricordi dipasticceria su un rinfrescante soffio mentolato.Il sorso è dolce e morbido, dotato di freschezzabalsamica, denso di richiami corrispondentie varietali sino al finale lungo e sapido.Appassimento naturale delle uve in fruttaio per2 mesi, barrique francese per la fermentazionee la maturazione per più di un anno.",,na,na,na,na,na,Italia,2,,,
,0002265,,,,,,3,2016,Dario Coos,Colli Orientali Del Friuli Picolit,Colli Orientali Del Friuli Picolit,,DOCG,Friuli Venezia Giulia,88,4,90,3,86,Bianco Passito,45-49,Picolit 100%,13.5,1k,Crema catalana,2 mesi di appassimento + 12 mesi in barrique,"Solare color oro brillante. Corredo olfattivoelegante e complesso, intriso dalla fragranzadella piccola pasticceria, con miele, datteri efichi secchi; è arricchito dal profumo di fioridi zagara, anice e incenso e da cenni fruttatidi pesca disidratata e albicocca sciroppata.Sorso sontuoso e corpo cremoso, bilanciatoda una generosa freschezza; appagante finaledi matrice balsamica. Appassimento naturaledelle uve per 2 mesi, poi vinificazione inbarrique, dove sosta per 12 mesi. Affinamentoin bottiglia di 6 mesi,",,na,na,na,na,na,Italia,2,,,
,0002265,,,,,,3,2017,Dario Coos,Colli Orientali Del Friuli Picolit,Colli Orientali Del Friuli Picolit,,DOCG,Friuli Venezia Giulia,88,3,88,3,88,Bianco Passito,45-49,Picolit 100%,13.5,1k,Montasio stravecchio con composta di fichi,2 mesi di appassimento + 12 mesi in barrique,"Giallo oro splendente. Comparto odorosodelicato e preciso su sensazioni di datteroe pesca sciroppata; segue una deliziosasfumatura floreale di zagara. L'ingresso èfresco, diretto e ben equilibrato. Si distingueper l'appagante morbidezza che congedala beva tra echi balsamici e frutta candita.Appassimento in fruttaio per 2 mesi, quindifermenta in barrique, dove matura per 12 mesi.",,na,na,na,na,na,Italia,2,,,
,0002265,,,,,,3,2018,Dario Coos,Colli Orientali Del Friuli Picolit,Colli Orientali Del Friuli Picolit,,DOCG,Friuli Venezia Giulia,88.5,4,89,3,88,Bianco Passito,45-49,Picolit 100%,13.5,1k,Bavarese di ricotta e arance,2 mesi di appassimento + 12 mesi in barrique,"Oro liquido. Ventaglio olfattivo che emana cenni di frutta sec- ca, chips di banana, agrumi canditi. Si sposta sulla dolcezza del miele millefiori, crema pasticciera e poi catalana, caramella d’orzo e mela caramellata. Corpo setoso, allungo su aromi mie- losi sorretti da sapidità e acidità. Setale interminabile.",,na,na,na,na,na,Italia,2,,,
,0002265-1,2.69,23,0.48,15,3.2,3★-4★,,Dario Coos,Colli Orientali Del Friuli Picolit,Colli Orientali Del Friuli Picolit,,DOCG,Friuli Venezia Giulia,86.8,2★-4★,88.0,3★,86.8,Bianco Passito,45-49,Picolit 100%,13.5,1k,Fichi al caramello di miele e zafferano – Crema catalana – Montasio stravecchio con composta di fichi – Bavarese di ricotta e arance,2 mesi di appassimento + 12 mesi in barrique,,,na,na,na,na,na,Italia,1,,,
,0002266,,,,,,3,2012,Giovanni Dri Il Roncat,Colli Orientali Del Friuli Picolit,Colli Orientali Del Friuli Picolit,,DOCG,Friuli Venezia Giulia,86,3,86,3,86,Bianco Passito,35-39,Picolit 100%,12,1k,Esse di Raveo,12 mesi in barrique,"Oro luminoso. Delicate note fumé, unamineralità terrosa e sensazioni di felce dannovita a un amalgama integrato, arricchito daeleganti erbe officinali e lavanda. Dapprimabalsamico, prosegue nel percorso gustativocon gradevoli ricordi floreali, equilibrato dafreschezza; chiusura sapida. Piccolo roverefrancese per 12 mesi",,na,na,na,na,na,Italia,2,,,
,0002266,,,,,,3,2013,Giovanni Dri Il Roncat,Colli Orientali Del Friuli Picolit,Colli Orientali Del Friuli Picolit,,DOCG,Friuli Venezia Giulia,86,3,86,3,86,Bianco Passito,40-44,Picolit 100%,12,1k,nd,12 mesi in barrique,,,na,na,na,na,na,Italia,2,,,
,0002266,,,,,,3,2014,Giovanni Dri Il Roncat,Colli Orientali Del Friuli Picolit,Colli Orientali Del Friuli Picolit,,DOCG,Friuli Venezia Giulia,86,3,86,3,86,Bianco Passito,40-44,Picolit 100%,13.5,1k,Lingue di gatto e crema al limone,12 mesi in barrique,"Prezioso, intenso giallo dorato. Raffinatezzaolfattiva, inaugurata da ricordi di frutta gialla,fioriture estive e uvetta sultanina sotto spirito.La frutta secca, le delicate resine e gli sbuffidi timo e rosmarino completano il ventaglio.Dolce, bilanciato a dovere da sapidità e spintaacida, sviluppa il suo lento percorso su sentieripieni di gusto, congedandosi su ricordi dipasticceria e miele. Matura in barrique di rovereper 12 mesi",,na,na,na,na,na,Italia,2,,,
,0002266,,,,,,3,2015,Giovanni Dri Il Roncat,Colli Orientali Del Friuli Picolit,Colli Orientali Del Friuli Picolit,,DOCG,Friuli Venezia Giulia,86,3,86,3,86,Bianco Passito,40-44,Picolit 100%,13.5,1k,Formaggi erborinati con noci e uva bianca,12 mesi in barrique,"Giallo dorato e luminoso. Intensi i profumi dialbicocca disidratata, miele di castagno, fruttacandita, erbe officinali essiccate, noce moscatenoccioline, quindi caramella d'orzo e resinealpine. Palato aggraziato, dolce, morbido, benequilibrato da continui effluvi fresco-sapidi.Epilogo appagante, lungo, agrumato e fruttato.Fermentazione e maturazione in barrique per12 mesi",,na,na,na,na,na,Italia,2,,,
,0002266,,,,,,3,2016,Giovanni Dri Il Roncat,Colli Orientali Del Friuli Picolit,Colli Orientali Del Friuli Picolit,,DOCG,Friuli Venezia Giulia,86,3,86,3,86,Bianco Passito,40-44,Picolit 100%,13.5,1k,Tartine con patè di foie gras,12 mesi in barrique,"Giallo squillante. Naso complesso ed elegantenel rispetto della tipologia. Nobili tracce dizafferano affiancano agrumi canditi e gelatinadi frutta, con stille di miele. In epilogo l'aurasignorile dei fiori d'arancio e dell’incenso.Al palato offre buona acidità, con sviluppomorbido legato alla componente glicerica,Puntuali e persistenti i richiami ai tratti olfattiviFermenta in barrique dove rimane per 12 mesi",,na,na,na,na,na,Italia,2,,,
,0002266,,,,,,3,2017,Giovanni Dri Il Roncat,Colli Orientali Del Friuli Picolit,Colli Orientali Del Friuli Picolit,,DOCG,Friuli Venezia Giulia,86,3,86,3,86,Bianco Passito,40-44,Picolit 100%,13.5,1k,Pecorino con mostarda all'arancia,12 mesi in barrique,"Sfoggia lucentezze dorate e un bouquet di fioriture estive ed erbe mediterranee. Spezie dolci, frutta secca, miele di castagno e frutta tropicale candita. Assaggio dolce e solare, dall’ingresso setoso e ben bilanciato da una preziosa freschezza. Finale lento, sapido e fruttato.",,na,na,na,na,na,Italia,2,,,
,0002266-1,2.03,17,0.40,13,3.0,3★,,Giovanni Dri Il Roncat,Colli Orientali Del Friuli Picolit,Colli Orientali Del Friuli Picolit,,DOCG,Friuli Venezia Giulia,86.0,3★,86.0,3★,86.0,Bianco Passito,40-44,Picolit 100%,13.5,1k,Esse di Raveo – Lingue di gatto e crema al limone – Formaggi erborinati con noci e uva bianca – Tartine con patè di foie gras – Pecorino con mostarda all'arancia,12 mesi in barrique,,,na,na,na,na,na,Italia,1,,,
,0002267,,,,,,3,2013,Ermacora,Colli Orientali Del Friuli Picolit,Colli Orientali Del Friuli Picolit,,DOCG,Friuli Venezia Giulia,86,3,86,nd,nd,Bianco Passito,35-39,Picolit 100%,13,2k,nd,2 mesi in acciaio + 36 mesi in botte,,,na,na,na,na,na,Italia,2,,,
,0002267,,,,,,3,2014,Ermacora,Colli Orientali Del Friuli Picolit,Colli Orientali Del Friuli Picolit,,DOCG,Friuli Venezia Giulia,87,3,86,3,88,Bianco Passito,35-39,Picolit 100%,12.5,2k,nd,2 mesi in acciaio + 36 mesi in botte,,,na,na,na,na,na,Italia,2,,,
,0002267,,,,,,3,2015,Ermacora,Colli Orientali Del Friuli Picolit,Colli Orientali Del Friuli Picolit,,DOCG,Friuli Venezia Giulia,86,3,86,3,86,Bianco Passito,35-39,Picolit 100%,13.5,2k,nd,2 mesi in acciaio + 36 mesi in botte,,,na,na,na,na,na,Italia,2,,,
,0002267,,,,,,3,2016,Ermacora,Colli Orientali Del Friuli Picolit,Colli Orientali Del Friuli Picolit,,DOCG,Friuli Venezia Giulia,87,3,86,3,88,Bianco Passito,35-39,Picolit 100%,13.5,2k,nd,2 mesi in acciaio + 36 mesi in botte,,,na,na,na,na,na,Italia,2,,,
,0002267,,,,,,3,2017,Ermacora,Colli Orientali Del Friuli Picolit,Colli Orientali Del Friuli Picolit,,DOCG,Friuli Venezia Giulia,87,3,86,3,88,Bianco Passito,35-39,Picolit 100%,13.5,1k,nd,2 mesi in acciaio + 36 mesi in botte,,,na,na,na,na,na,Italia,2,,,
,0002267-1,1.69,14,0.38,12,3.0,3★,,Ermacora,Colli Orientali Del Friuli Picolit,Colli Orientali Del Friuli Picolit,,DOCG,Friuli Venezia Giulia,86.5,3★,86.0,3★,87.2,Bianco Passito,35-39,Picolit 100%,13.5,1k,Esse di Raveo – Lingue di gatto e crema al limone – Formaggi erborinati con noci e uva bianca – Tartine con patè di foie gras – Pecorino con mostarda all'arancia – nd – nd – nd – nd,2 mesi in acciaio + 36 mesi in botte,,,na,na,na,na,na,Italia,1,,,
,0002268,,,,,,5,2011,Livio Felluga,Colli Orientali Del Friuli Picolit,Colli Orientali Del Friuli Picolit,,DOCG,Friuli Venezia Giulia,92,5,92,nd,nd,Bianco Passito,70-74,Picolit 100%,13.5,1k,nd,18 mesi in botte grande,"Prezioso giallo paglierino dai toni intensi edai riflessi dorati. Ampio e di rara eleganza ilventaglio dei profumi, che si spiega con nuancefumé, per continuare con il legno di ulivo e labalsamicità dell’eucalipto. A corredo affioranosensazioni di foglia di limone, agrumi canditi,pesca, fico, fiori d'arancio, d'acacia e lavanda.Ricchissimo di personalità, il sorso mette inluce freschezza e sapidità, unite a formare ungrande equilibrio, regalando un assaggio dimirabile lunghezza. Vinificato in legno di roverefrancese, dove sosta per 18 mesi; altri 18 mesiin bottiglia.",,na,na,na,na,na,Italia,2,,,
,0002268,,,,,,5,2013,Livio Felluga,Colli Orientali Del Friuli Picolit,Colli Orientali Del Friuli Picolit,,DOCG,Friuli Venezia Giulia,93,5,93,nd,nd,Bianco Passito,50-54,Picolit 100%,14.5,1k,Ganache di foie gras,18 mesi in botte grande,"Smagliante veste dorata. Straordinario, dirara eleganza il complesso corredo olfattivo.Intrecci di erbe aromatiche, tra cui timoe rosmarino, danzano amabilmente conrabarbaro, china, liquirizia e presenze tostate.lL'amalgama è reso ancor più emozionanteda sbuffi di gesso, cenni balsamici e minerali,polpa di mandarino, fiori di zagara e fruttacandita. Affascinante, materico e ricco disuggestioni l'approccio gustativo, con unaseducente fusione di dolcezza, freschezzae sapidità. La persistenza del sorso tendeall'infinito, accompagnata da incessanticorrispondenze col naso. ll finale esprimesplendida pulizia e invita a un successivoassaggio. Matura in rovere francese per 18mesi",,na,na,na,na,na,Italia,2,,,
,0002268,,,,,,5,2015,Livio Felluga,Colli Orientali Del Friuli Picolit,Colli Orientali Del Friuli Picolit,,DOCG,Friuli Venezia Giulia,91,5,91,nd,nd,Bianco Passito,50-54,Picolit 100%,14,1k,Bavarese di ricotta e arance,18 mesi in botte grande,"Giallo dorato brillante. Incipit di fioritureprimaverili e di agrumi canditi, seguiti da unagarbata speziatura, poi miele millefiori, resinadi pino, zafferano e caramella d'orzo, conun refolo mentolato. Delicatamente dolce,grazia a un'avvolgenza morbida incisa da unasolerte trama fresco-sapida, che sfuma in unachiusura floreale. Riposa per 18 mesi in rovere.",,na,na,na,na,na,Italia,2,,,
,0002268-1,8.95,75,1.44,46,5.0,5★,,Livio Felluga,Colli Orientali Del Friuli Picolit,Colli Orientali Del Friuli Picolit,,DOCG,Friuli Venezia Giulia,91.5,5★,92.0,nd,nd,Bianco Passito,50-54,Picolit 100%,14,1k,Ganache di foie gras – Bavarese di ricotta e arance,18 mesi in botte grande,,,na,na,na,na,na,Italia,1,,,
,0002269,,,,,,3,2018,La Buse Dal Lof,Colli Orientali Del Friuli Picolit,Colli Orientali Del Friuli Picolit,,DOCG,Friuli Venezia Giulia,86,3,86,nd,nd,Bianco Passito,45-49,Picolit 100%,14,1k,nd,12 mesi in botte,,,na,na,na,na,na,Italia,2,,,
,0002269-1,0.34,3,0.06,2,3.0,3★,,La Buse Dal Lof,Colli Orientali Del Friuli Picolit,Colli Orientali Del Friuli Picolit,,DOCG,Friuli Venezia Giulia,86.0,3★,86.0,nd,nd,Bianco Passito,45-49,Picolit 100%,14,1k,nd,12 mesi in botte,,,na,na,na,na,na,Italia,1,,,
,0002270,,,,,,3,2013,La Roncaia,Colli Orientali Del Friuli Picolit,Colli Orientali Del Friuli Picolit,,DOCG,Friuli Venezia Giulia,86,3,86,nd,nd,Bianco Passito,30-34,Picolit 100%,12,3k,nd,12 mesi in botte,,,na,na,na,na,na,Italia,2,,,
,0002270,,,,,,3,2015,La Roncaia,Colli Orientali Del Friuli Picolit,Colli Orientali Del Friuli Picolit,,DOCG,Friuli Venezia Giulia,86,3,86,nd,nd,Bianco Passito,25-29,Picolit 100%,12,4k,Torcione di foie gras marinato nelle ciliegie,12 mesi in botte,"Sfavillante oro antico. Evoca frutta secca,polpa di cocco, zagara e caramella mou; spuntibalsamici e di canfora inseguono delicatefolate di fioriture primaverili. Al palato èvellutato, proporzionato e sfoggia un'aggraziatadolcezza. Si congeda senza fretta confresca sapidità e continui richiami alla fruttaessiccata. Fermenta parte in acciaio e parte inbarrique di Allier, dove rimane per 12 mesi",,na,na,na,na,na,Italia,2,,,
,0002270,,,,,,3,2016,La Roncaia,Colli Orientali Del Friuli Picolit,Colli Orientali Del Friuli Picolit,,DOCG,Friuli Venezia Giulia,86,3,86,nd,nd,Bianco Passito,25-29,Picolit 100%,12,4k,nd,12 mesi in botte,,,na,na,na,na,na,Italia,2,,,
,0002270-1,1.02,9,0.31,10,3.0,3★,,La Roncaia,Colli Orientali Del Friuli Picolit,Colli Orientali Del Friuli Picolit,,DOCG,Friuli Venezia Giulia,86.0,3★,86.0,nd,nd,Bianco Passito,25-29,Picolit 100%,12,1k,Torcione di foie gras marinato nelle ciliegie,12 mesi in botte,,,na,na,na,na,na,Italia,1,,,
,0002271,,,,,,3,2017,Monviert,Colli Orientali Del Friuli Picolit,Colli Orientali Del Friuli Picolit,,DOCG,Friuli Venezia Giulia,86,3,86,nd,nd,Bianco Passito,35-39,Picolit 100%,14,1k,Biscotti di Raveo,9 mesi in botte,"Oro lucente. Ventaglio olfattivo articolato che evoca golose note di agrumi canditi, gelée di frutta e fiori d’arancio. Tocchi di miele di fiori e zafferano inseguono delicate folate d’incenso. L’ingres- so dolce, sfodera una buona acidità per divenire setoso e ricco, con precise memorie olfattive.",,na,na,na,na,na,Italia,2,,,
,0002271-1,0.34,3,0.08,2,3.0,3★,,Monviert,Colli Orientali Del Friuli Picolit,Colli Orientali Del Friuli Picolit,,DOCG,Friuli Venezia Giulia,86.0,3★,86.0,nd,nd,Bianco Passito,35-39,Picolit 100%,14,1k,Biscotti di Raveo,9 mesi in botte,,,na,na,na,na,na,Italia,1,,,
,0002272,,,,,,3,2019,Flavio Pontoni,Colli Orientali Del Friuli Picolit,Colli Orientali Del Friuli Picolit,,DOCG,Friuli Venezia Giulia,86,3,86,nd,nd,Bianco Passito,25-29,Picolit 100%,13,3k,nd,12 mesi in botte,,,na,na,na,na,na,Italia,2,,,
,0002272-1,0.34,3,0.10,3,3.0,3★,,Flavio Pontoni,Colli Orientali Del Friuli Picolit,Colli Orientali Del Friuli Picolit,,DOCG,Friuli Venezia Giulia,86.0,3★,86.0,nd,nd,Bianco Passito,25-29,Picolit 100%,13,3k,nd,12 mesi in botte,,,na,na,na,na,na,Italia,1,,,
,0002273,,,,,,5,2011,Sara & Sara,Colli Orientali Del Friuli Picolit,Colli Orientali Del Friuli Picolit,,DOCG,Friuli Venezia Giulia,92,5,92,nd,nd,Bianco Passito,30-34,Picolit 100%,13,1k,Fichi al caramello di miele e zafferano,12 mesi in barrique,"Scintillanti riverberi d'oro liquido. Affascinante eprofonda fusione di fragranze, in cui emergonolenti e dolci toni di frutti disidratati, ananas ealbicocca, e di pesche sciroppate. L’ordito è resovia via più intrigante da sensazioni di zafferano,che s'intersecano a note di miele, erbe e finisuggestioni eteree e lievernente fumé. Lanotevole trama glicerica si dispiega al palatobilanciata da una freschezza tesa e vibrante.Intensità e raffinatezza del sorso persistonolungamente, giocando con ricordi di agrumi esapidi sino alla chiusura. Vendemmia tardiva.Vinificato e maturato per 12 mesi in rovere, poi6 in bottiglia.",,na,na,na,na,na,Italia,2,,,
,0002273,,,,,,4,2012,Sara & Sara,Colli Orientali Del Friuli Picolit,Colli Orientali Del Friuli Picolit,,DOCG,Friuli Venezia Giulia,90,4,90,nd,nd,Bianco Passito,30-34,Picolit 100%,13,1k,Ganache di foie gras,18 mesi in barrique,"Prezioso giallo dorato. L'impianto olfattivomette in mostra tutta l'eleganza di questoprezioso e antico vitigno. Sfoggia note dizafferano, pesche e albicocche disidratate, fioridi zagara, tiglio e gelsomino, mentolo, erbemediterranee essiccate e non ultimi intrigantisbuffi eterei. Il meraviglioso equilibrio gustativoè garantito da una perfetta armonia di elementi,che assicura una beva dolce e soavementestuzzicante. Persistenza finale di forteimpronta sapida e balsamica. Dopo la raccoltatardiva delle uve, fermenta in legno piccolo,dove rimane per 18 mesi.",,na,na,na,na,na,Italia,2,,,
,0002273,,,,,,5,2013,Sara & Sara,Colli Orientali Del Friuli Picolit,Colli Orientali Del Friuli Picolit,,DOCG,Friuli Venezia Giulia,93,5,93,nd,nd,Bianco Passito,30-34,Picolit 100%,14,1k,Blu di capra con figo moro,12 mesi in barrique,"Manto color oro antico. Il quadro olfattivo èdipinto da pennellate di crema pasticciera,cioccolato bianco e dattero, arricchite da untocco di lavanda e legno di rosa, sentori diarancia rossa e cera d'api, con sbuffi fumé.Pieno e avvolgente al gusto, vellutato sindall'ingresso, accarezza il palato calibrandola dolcezza con un ottimo bilanciamentodelle componenti, conferito dalla balsamicaacidità e da un'interminabile scia di gusto.Finale lungo e appagante, con risonanze dipiccola pasticceria. Da vendemmia tardiva eappassimento delle uve per 3 mesi, riposa per18 mesi in barrique di rovere.",,na,na,na,na,na,Italia,2,,,
,0002273,,,,,,5,2014,Sara & Sara,Colli Orientali Del Friuli Picolit,Colli Orientali Del Friuli Picolit,,DOCG,Friuli Venezia Giulia,91,5,91,nd,nd,Bianco Passito,30-34,Picolit 100%,14,1k,Erborinato di capra con composta di cipolla di Tropea,12 mesi in barrique,"Giallo dorato lucente. Il naso è fitto ed elegante:inizia con decisi toni medicinali e iodati, cerad'api e resina, per poi ammorbidirsi con scorzedi mandarino candito, miele millefiori, e diseguito balsamicità di eucalipto; sul finire sbuffidi fienagione d'alpeggio e caramella d'orzo.Dolce e avvolgente al gusto, sapido e regolatoda lunghi respiri mentolati. Interminabile.Appassimento delle uve in cassetta per 3 mesi;fermenta in barrique di rovere, dove matura per12 mesi",,na,na,na,na,na,Italia,2,,,
,0002273,,,,,,4,2015,Sara & Sara,Colli Orientali Del Friuli Picolit,Colli Orientali Del Friuli Picolit,,DOCG,Friuli Venezia Giulia,90,4,90,nd,nd,Bianco Passito,30-34,Picolit 100%,13,1k,Blue stilton,12 mesi in barrique,"Giallo oro brillante. Palesa, con inizialetimidezza, un elegante patrimonio olfattivo cheapre su essenze di frutta candita, cera d'api,nocciole, caramello salato, miele d'acacia eresine. Il sorso, avvolgente, è bilanciato da unagrande vibrazione fresco-sapida che appagaall'infinito e accompagna verso il finale lentoe persistente, punteggiato di fiori bianchie gialli. Vendemmia tardiva, poi 3 mesi diappassimento naturale. Fermenta e maturaper 18 mesi in barrique di rovere. Lunghissimoaffinamento in bottiglia.",,na,na,na,na,na,Italia,2,,,
,0002273,,,,,,4,2017,Sara & Sara,Colli Orientali Del Friuli Picolit,Colli Orientali Del Friuli Picolit,,DOCG,Friuli Venezia Giulia,89,4,89,nd,nd,Bianco Passito,30-34,Picolit 100%,13,1k,Crumble di pesche,12 mesi in barrique,"Oro antico lucente. Pienezza avvincente con miele di eucalip- to, cera d’api, resina, mandarino candito, caramella d’orzo su un letto di erbe aromatiche, fieno e stille medicinali. Sorso dolce, avvolgente e balsamico che la sapidità controlla alla perfezione. Interminabili ricordi di frutta",,na,na,na,na,na,Italia,2,,,
,0002273-1,11.95,100,3.13,100,4.5,4★-5★,,Sara & Sara,Colli Orientali Del Friuli Picolit,Colli Orientali Del Friuli Picolit,,DOCG,Friuli Venezia Giulia,90.5,4★-5★,90.8,nd,nd,Bianco Passito,30-34,Picolit 100%,13,1k,Fichi al caramello di miele e zafferano – Ganache di foie gras – Blu di capra con figo moro – Erborinato di capra con composta di cipolla di Tropea – Blue stilton – Crumble di pesche,12-18 mesi in barrique,,,na,na,na,na,na,Italia,1,,,
,0002274,,,,,,3,2013,Specogna,Colli Orientali Del Friuli Picolit,Colli Orientali Del Friuli Picolit,,DOCG,Friuli Venezia Giulia,87,3,87,nd,nd,Bianco Passito,35-39,Picolit 100%,13,8k,nd,24 mesi in botte,,,na,na,na,na,na,Italia,2,,,
,0002274,,,,,,3,2017,Specogna,Colli Orientali Del Friuli Picolit,Colli Orientali Del Friuli Picolit,,DOCG,Friuli Venezia Giulia,88,3,88,nd,nd,Bianco Passito,40-44,Picolit 100%,13,1k,nd,24 mesi in botte,,,na,na,na,na,na,Italia,2,,,
,0002274-1,0.68,6,0.13,4,3.0,3★,,Specogna,Colli Orientali Del Friuli Picolit,Colli Orientali Del Friuli Picolit,,DOCG,Friuli Venezia Giulia,87.5,3★,87.5,nd,nd,Bianco Passito,40-44,Picolit 100%,13,1k-8k,nd,24 mesi in botte,,,na,na,na,na,na,Italia,1,,,
,0002275,,,,,,3,2013,Vigneti Pittaro,Colli Orientali Del Friuli Picolit Ronco Vieri,Colli Orientali Del Friuli Picolit,,DOCG,Friuli Venezia Giulia,86,3,86,nd,nd,Bianco Passito,30-34,Picolit 100%,14,1k,nd,36 mesi in botte,,,na,na,na,na,na,Italia,2,,,
,0002275,,,,,,3,2017,Vigneti Pittaro,Colli Orientali Del Friuli Picolit Ronco Vieri,Colli Orientali Del Friuli Picolit,,DOCG,Friuli Venezia Giulia,86,3,86,nd,nd,Bianco Passito,45-49,Picolit 100%,14,1k,nd,36 mesi in botte,,,na,na,na,na,na,Italia,2,,,
,0002275-1,0.68,6,0.12,4,3.0,3★,,Vigneti Pittaro,Colli Orientali Del Friuli Picolit Ronco Vieri,Colli Orientali Del Friuli Picolit,,DOCG,Friuli Venezia Giulia,86.0,3★,86.0,nd,nd,Bianco Passito,45-49,Picolit 100%,14,1k-8k,nd,36 mesi in botte,,,na,na,na,na,na,Italia,1,,,
,0002276,,,,,,3,2014,Alessio Dorigo,Colli Orientali Del Friuli Picolit,Colli Orientali Del Friuli Picolit,,DOCG,Friuli Venezia Giulia,86,3,86,nd,nd,Bianco Passito,25-29,Picolit 100%,13,1k,nd,-,,,na,na,na,na,na,Italia,2,,,
,0002276,,,,,,3,2015,Alessio Dorigo,Colli Orientali Del Friuli Picolit,Colli Orientali Del Friuli Picolit,,DOCG,Friuli Venezia Giulia,86,3,86,nd,nd,Bianco Passito,30-34,Picolit 100%,12.5,1k,nd,-,,,na,na,na,na,na,Italia,2,,,
,0002276,,,,,,3,2018,Alessio Dorigo,Colli Orientali Del Friuli Picolit,Colli Orientali Del Friuli Picolit,,DOCG,Friuli Venezia Giulia,86,3,86,nd,nd,Bianco Passito,35-39,Picolit 100%,13,2k,nd,-,,,na,na,na,na,na,Italia,2,,,
,0002276-1,1.02,9,0.23,7,3.0,3★,,Alessio Dorigo,Colli Orientali Del Friuli Picolit,Colli Orientali Del Friuli Picolit,,DOCG,Friuli Venezia Giulia,86.0,3★,86.0,nd,nd,Bianco Passito,35-39,Picolit 100%,13,1k-2k,nd,-,,,na,na,na,na,na,Italia,1,,,
,0002277,,,,,,3,2010,Alessio Dorigo,Colli Orientali Del Friuli Picolit,Colli Orientali Del Friuli Picolit,,DOCG,Friuli Venezia Giulia,86,3,86,nd,nd,Bianco Passito,35-39,Picolit 100%,13.5,1k,Formadi frant e crema di figo moro,18 mesi in barrique,"Oro intenso. Straordinaria complessitàolfattiva. Nocciola, confettura d'albicocca,cachi, pera caramellata, miele, fiori gialli,ginestra e melone estivo si fondono con peperosa, melissa, sambuco, fiori d'arancio edeucalipto. Sorso avvolgente, ben equilibratoda freschezza e sapidità, con una gradevolenota ammandorlata nel finale. Vinificato inacciaio, matura in barrique di Allier per 15 mesiAffinamento in bottiglia per 12 mesi",,na,na,na,na,na,Italia,2,,,
,0002277,,,,,,3,2016,Alessio Dorigo,Colli Orientali Del Friuli Picolit,Colli Orientali Del Friuli Picolit,,DOCG,Friuli Venezia Giulia,85,3,85,nd,nd,Bianco Passito,35-39,Picolit 100%,13.5,3k,Pecorino con mostarda all'arancia,18 mesi in barrique,"Oro intenso. Fusione di miele millefioricon crema pasticciera e scorze di agrumicanditi, ricordi di caramella d'orzo e fruttasecca; accenni di banana e mela caramellatacompletano il ventaglio odoroso. Palatodolce, vellutato. Sorso lungo, sorretto da unafreschezza sapida per un ottimo equilibrio.Finale fruttato. Appassimento sui graticci, poiper 18 mesi in barrique di Allier.",,na,na,na,na,na,Italia,2,,,
,0002277,,,,,,2,2017,Alessio Dorigo,Colli Orientali Del Friuli Picolit,Colli Orientali Del Friuli Picolit,,DOCG,Friuli Venezia Giulia,84,2,84,nd,nd,Bianco Passito,35-39,Picolit 100%,13,2k,Pasticceria secca,18 mesi in barrique,"Intenso giallo dorato. Un profumo di abbameleapre il naso improntato sulla frutta disidratatacome albicocca, dattero, fico e aranciaSegue un netto riconoscimento di biscottoall'amaretto. Sorso avvolgente, glicerico,con finale morbido in cui ritornano mieledi castagno e frutta candita. Un mese diappassimento, poi per 8 mesi in barrique.",,na,na,na,na,na,Italia,2,,,
,0002277-1,0.79,7,0.18,6,2.7,2★-3★,,Alessio Dorigo,Colli Orientali Del Friuli Picolit,Colli Orientali Del Friuli Picolit,,DOCG,Friuli Venezia Giulia,85.0,2★-3★,85.0,nd,nd,Bianco Passito,35-39,Picolit 100%,13,1k-3k,Formadi frant e crema di figo moro – Pecorino con mostarda all'arancia – Pasticceria secca,"Intenso giallo dorato. Un profumo di abbameleapre il naso improntato sulla frutta disidratatacome albicocca, dattero, fico e aranciaSegue un netto riconoscimento di biscottoall'amaretto. Sorso avvolgente, glicerico,con finale morbido in cui ritornano mieledi castagno e frutta candita. Un mese diappassimento, poi per 8 mesi in barrique.",,,na,na,na,na,na,Italia,1,,,
,0002278,,,,,,3,2014,Comelli,Colli Orientali Del Friuli Picolit,Colli Orientali Del Friuli Picolit,,DOCG,Friuli Venezia Giulia,86,3,86,nd,nd,Bianco Passito,25-29,Picolit 100%,13,1k,nd,-,,,na,na,na,na,na,Italia,2,,,
,0002278,,,,,,3,2016,Comelli,Colli Orientali Del Friuli Picolit,Colli Orientali Del Friuli Picolit,,DOCG,Friuli Venezia Giulia,86,3,86,nd,nd,Bianco Passito,25-29,Picolit 100%,13,1k,nd,-,,,na,na,na,na,na,Italia,2,,,
,0002278-1,0.68,6,0.21,7,3.0,3★,,Comelli,Colli Orientali Del Friuli Picolit,Colli Orientali Del Friuli Picolit,,DOCG,Friuli Venezia Giulia,86.0,3★,86.0,nd,nd,Bianco Passito,25-29,Picolit 100%,13,1k,nd,-,,,na,na,na,na,na,Italia,1,,,
,0002279,,,,,,3,2012,La Sclusa,Colli Orientali Del Friuli Picolit,Colli Orientali Del Friuli Picolit,,DOCG,Friuli Venezia Giulia,86,3,86,nd,nd,Bianco Passito,25-29,Picolit 100%,14,1k,Formaggi saporiti,12 mesi in botte,"Splendido color oro antico. Intenso corredoolfattivo contraddistinto da stuzzicantisentori di frutta secca, caramella d'orzo, erbearomatiche, cera d'api, foglie d'alloro e unaraffinata sensazione balsamica. Avvolgegenerosamente il palato con grande dolcezza,richiami fruttati e balsamici in chiusura.Vinificato e maturato per 12 mesi in roverefrancese.",,na,na,na,na,na,Italia,2,,,
,0002279,,,,,,3,2014,La Sclusa,Colli Orientali Del Friuli Picolit,Colli Orientali Del Friuli Picolit,,DOCG,Friuli Venezia Giulia,86,3,86,nd,nd,Bianco Passito,45-49,Picolit 100%,14,1k,nd,12 mesi in botte,,,na,na,na,na,na,Italia,2,,,
,0002279,,,,,,3,2015,La Sclusa,Colli Orientali Del Friuli Picolit,Colli Orientali Del Friuli Picolit,,DOCG,Friuli Venezia Giulia,86,3,86,nd,nd,Bianco Passito,45-49,Picolit 100%,14,1k,nd,12 mesi in botte,,,na,na,na,na,na,Italia,2,,,
,0002279-1,1.02,9,0.18,6,3.0,3★,,La Sclusa,Colli Orientali Del Friuli Picolit,Colli Orientali Del Friuli Picolit,,DOCG,Friuli Venezia Giulia,86.0,3★,86.0,nd,nd,Bianco Passito,45-49,Picolit 100%,14,1k,Formaggi saporiti,12 mesi in botte,,,na,na,na,na,na,Italia,1,,,
,0002280,,,,,,3,2009,Gigante,Colli Orientali Del Friuli Picolit,Colli Orientali Del Friuli Picolit,,DOCG,Friuli Venezia Giulia,86,3,86,nd,nd,Bianco Passito,35-39,Picolit 100%,14.5,1k,nd,-,,,na,na,na,na,na,Italia,2,,,
,0002280,,,,,,3,2011,Gigante,Colli Orientali Del Friuli Picolit,Colli Orientali Del Friuli Picolit,,DOCG,Friuli Venezia Giulia,86,3,86,nd,nd,Bianco Passito,35-39,Picolit 100%,14.5,1k,nd,-,,,na,na,na,na,na,Italia,2,,,
,0002280-1,0.68,6,0.15,5,3.0,3★,,Gigante,Colli Orientali Del Friuli Picolit,Colli Orientali Del Friuli Picolit,,DOCG,Friuli Venezia Giulia,86.0,3★,86.0,nd,nd,Bianco Passito,35-39,Picolit 100%,14.5,1k,nd,-,,,na,na,na,na,na,Italia,1,,,
,0002281,,,,,,3,2015,Marco Sara,Colli Orientali Del Friuli Picolit,Colli Orientali Del Friuli Picolit,,DOCG,Friuli Venezia Giulia,88,3,88,nd,nd,Bianco Passito,20-24,Picolit 100%,13,1k,nd,12 mesi in barrique,"Giallo ambrato ammaliante. Intenso ecomplesso, con dolci profumi di wafer enocciola caramellata, uva sultanina e fichisecchi, miele e arancia candita. Smalto, propolie resina a completare. Ingresso avvolgente,sorso simmetrico, reso proporzionato daadeguata freschezza. Piacevole ruvidità nellentissimo epilogo. Appassimento naturaledelle uve per 3 mesi, poi in barrique sui lievitiper altri 12.",,na,na,na,na,na,Italia,2,,,
,0002281,,,,,,4,2016,Marco Sara,Colli Orientali Del Friuli Picolit,Colli Orientali Del Friuli Picolit,,DOCG,Friuli Venezia Giulia,90,4,90,nd,nd,Bianco Passito,20-24,Picolit 100%,12,1k,Cjarsons dolci di Sauris,12 mesi in barrique,"Brillante oro antico. Bouquet vigoroso,intrigante e ricco di sfumature. Profumi didattero e crema pasticciera si intrecciano aechi di cioccolato bianco e miele di lavanda,con delicati contrappunti di arancia rossae legno di rose. Chiudono il ventaglio cerad'api e una soffusa ventata fumé. In bocca èmaterico e appagante, bilanciato da un'elegantefreschezza balsamica lungo tutta la beva.Persistenza sapida e duratura con ritorni dipasticceria. Appassimento naturale delle uveper 90 giorni; fermenta e matura in barrique per12 mesi",,na,na,na,na,na,Italia,2,,,
,0002281,,,,,,4,2017,Marco Sara,Colli Orientali Del Friuli Picolit,Colli Orientali Del Friuli Picolit,,DOCG,Friuli Venezia Giulia,89,4,89,nd,nd,Bianco Passito,35-39,Picolit 100%,13,1k,Bavarese di ricotta e arance,12 mesi in barrique,"Scintillante veste giallo dorato. Ricco evariegato, il ventaglio olfattivo si dischiudeinizialmente su toni scuri di frutta secca,aprendosi successivamente a sensazionidi miele millefiori e crema catalana. Aimpreziosire il quadro note d'agrumi canditi,mela caramellata, banana e caramella d'orzo.Setoso e dolce al palato, si estende morbidosu ricordi di cera d'api, equilibrato da adeguatafreschezza e sapidità. Dona un interminabileepilogo, richiamando frutta fresca e seccaVinificato e maturato per 12 mesi in barriquecon lieviti indigeni",,na,na,na,na,na,Italia,2,,,
,0002281-1,2.34,20,0.53,17,3.7,3★-4★,,Marco Sara,Colli Orientali Del Friuli Picolit,Colli Orientali Del Friuli Picolit,,DOCG,Friuli Venezia Giulia,88.5,3★-4★,89.0,nd,nd,Bianco Passito,35-39,Picolit 100%,13,1k,Cjarsons dolci di Sauris – Bavarese di ricotta e arance,12 mesi in barrique,,,na,na,na,na,na,Italia,1,,,
,0002282,,,,,,3,2010,Valentino Butussi,Colli Orientali Del Friuli Picolit,Colli Orientali Del Friuli Picolit,,DOCG,Friuli Venezia Giulia,86,3,86,nd,nd,Bianco Passito,55-59,Picolit 100%,13,2k,Formaggi di malga stagionati,16 mesi in botte,"Colore dell'ambra. Accenni balsamici,caramella d'orzo, mandorla amara, miele dicastagno, fico, macedonia di frutta disidratata,chips di banana. Dolce, avvolgente e morbidoal palato, supportato da vivace spalla frescae moderata vena sapida. Finale di buonalunghezza. Matura in acciaio e legno di roveredi grandi dimensioni per 16 mesi",,na,na,na,na,na,Italia,2,,,
,0002282,,,,,,3,2011,Valentino Butussi,Colli Orientali Del Friuli Picolit,Colli Orientali Del Friuli Picolit,,DOCG,Friuli Venezia Giulia,86,3,86,nd,nd,Bianco Passito,55-59,Picolit 100%,13,2k,nd,16 mesi in botte,,,na,na,na,na,na,Italia,2,,,
,0002282,,,,,,3,2012,Valentino Butussi,Colli Orientali Del Friuli Picolit,Colli Orientali Del Friuli Picolit,,DOCG,Friuli Venezia Giulia,86,3,86,nd,nd,Bianco Passito,40-44,Picolit 100%,13.5,2k,nd,16 mesi in botte,,,na,na,na,na,na,Italia,2,,,
,0002282-1,1.02,9,0.20,6,3.0,3★,,Valentino Butussi,Colli Orientali Del Friuli Picolit,Colli Orientali Del Friuli Picolit,,DOCG,Friuli Venezia Giulia,86.0,3★,86.0,nd,nd,Bianco Passito,40-44,Picolit 100%,13.5,2k,Formaggi di malga stagionati,16 mesi in botte,,,na,na,na,na,na,Italia,1,,,
,0002283,,,,,,3,2015,Arzenton,Colli Orientali Del Friuli Picolit,Colli Orientali Del Friuli Picolit,,DOCG,Friuli Venezia Giulia,86,3,86,nd,nd,Bianco Passito,25-29,Picolit 100%,13.5,1k,nd,-,,,na,na,na,na,na,Italia,2,,,
,0002283-1,0.34,3,0.10,3,3.0,3★,,Arzenton,Colli Orientali Del Friuli Picolit,Colli Orientali Del Friuli Picolit,,DOCG,Friuli Venezia Giulia,86.0,3★,86.0,nd,nd,Bianco Passito,25-29,Picolit 100%,13.5,1k,nd,-,,,na,na,na,na,na,Italia,1,,,
,0002284,,,,,,2,2010,Jacuss,Colli Orientali Del Friuli Picolit,Colli Orientali Del Friuli Picolit,,DOCG,Friuli Venezia Giulia,84,2,84,nd,nd,Bianco Passito,20-24,Picolit 100%,12.5,1k,nd,12 mesi in barrique,,,na,na,na,na,na,Italia,2,,,
,0002284,,,,,,3,2011,Jacuss,Colli Orientali Del Friuli Picolit,Colli Orientali Del Friuli Picolit,,DOCG,Friuli Venezia Giulia,85,3,85,nd,nd,Bianco Passito,35-39,Picolit 100%,12.5,1k,Formaggi blu di capra,12 mesi in barrique,"Dorato luminoso. Si apre su note tostate,per proseguire con wafer e crema gianduia;poi agrumi canditi, succo di mela e pescadisidratata; quindi miele millefiori, cera d'api,resine, zafferano ed effluvi balsamici, su unsottofondo di erbe mediterranee essiccate.Subito dolce e setoso, ma è presto in evidenzaanche la spina dorsale acida e sapida, chesostiene il sorso sino al lento congedo,con ricordi di agrumi canditi e spezie dolci.Appassimento naturale delle uve per 3 mesi infruttaio, fermentazione e sosta in barrique diAllier per 12 mesi, quindi affinamento per altri12 in bottiglia",,na,na,na,na,na,Italia,2,,,
,0002284,,,,,,3,2012,Jacuss,Colli Orientali Del Friuli Picolit,Colli Orientali Del Friuli Picolit,,DOCG,Friuli Venezia Giulia,86,3,86,nd,nd,Bianco Passito,35-39,Picolit 100%,12.5,1k,nd,12 mesi in barrique,,,na,na,na,na,na,Italia,2,,,
,0002284-1,0.79,7,0.18,6,2.7,2★-3★,,Jacuss,Colli Orientali Del Friuli Picolit,Colli Orientali Del Friuli Picolit,,DOCG,Friuli Venezia Giulia,85.0,2★-3★,85.0,nd,nd,Bianco Passito,35-39,Picolit 100%,12.5,1k,Formaggi blu di capra,12 mesi in barrique,,,na,na,na,na,na,Italia,1,,,
,0002285,,,,,,3,2014,Perusini,Colli Orientali Del Friuli Picolit,Colli Orientali Del Friuli Picolit,,DOCG,Friuli Venezia Giulia,85,3,85,nd,nd,Bianco Passito,35-39,Picolit 100%,11,1k,Terrina di anatra al figo moro,12 mesi in acciaio + 6 mesi in botte,"Giallo ambrato luminoso. Stimola l'olfattoricordando albicocche disidratate, datteri,fichi secchi, caramelle d'orzo, miele millefiori,rabarbaro, marron glacé, frutta secca, fiorigialli appassiti. Al palato evoca sentori di fruttadisidratata, con la morbidezza glicerica cheaccompagna verso il lungo finale dai richiamimielati. Resa bassissima e appassimento suigraticci per 3 mesi. Matura in acciaio per unanno, poi 6 mesi in piccole botti di rovere senzasepararsi dai lieviti fini, quindi affinamento inbottiglia per altri 6 mesi.",,na,na,na,na,na,Italia,2,,,
,0002285,,,,,,2,2015,Perusini,Colli Orientali Del Friuli Picolit,Colli Orientali Del Friuli Picolit,,DOCG,Friuli Venezia Giulia,84,2,84,nd,nd,Bianco Passito,35-39,Picolit 100%,11,1k,nd,12 mesi in acciaio + 6 mesi in botte,,,na,na,na,na,na,Italia,2,,,
,0002285-1,0.45,4,0.10,3,2.5,2★-3★,,Perusini,Colli Orientali Del Friuli Picolit,Colli Orientali Del Friuli Picolit,,DOCG,Friuli Venezia Giulia,84.5,2★-3★,84.5,nd,nd,Bianco Passito,35-39,Picolit 100%,11,1k,Terrina di anatra al figo moro,12 mesi in acciaio + 6 mesi in botte,,,na,na,na,na,na,Italia,1,,,
,0002286,,,,,,3,2015,Meroi,Colli Orientali Del Friuli Picolit,Colli Orientali Del Friuli Picolit,,DOCG,Friuli Venezia Giulia,86,3,86,nd,nd,Bianco Passito,40-44,Picolit 100%,12.5,1k,Torcione di foie gras marinato nelle ciliegie,14 mesi in botte,"Sfavillante oro antico. Evoca gustosi ricordi difrutta secca, dattero, uva di Corinto, cannellae albicocca disidratata. Spunti balsamici etocchi di resina inseguono delicate tostature,rosmarino e tabacco dolce. Al palato è setoso esfoggia un'aggraziata dolcezza, perfettamentebilanciata da una sapidità balsamica. Sicongeda senza fretta, con continui richiami alnaso. Appassimento sui graticci per 2 mesi,fermenta e poi riposa per 14 mesi in legnopiccolo francese.",,na,na,na,na,na,Italia,2,,,
,0002286-1,0.34,3,0.07,2,3.0,3★,,Meroi,Colli Orientali Del Friuli Picolit,Colli Orientali Del Friuli Picolit,,DOCG,Friuli Venezia Giulia,86.0,3★,86.0,nd,nd,Bianco Passito,40-44,Picolit 100%,12.5,1k,Torcione di foie gras marinato nelle ciliegie,14 mesi in botte,,,na,na,na,na,na,Italia,1,,,
,0002287,,,,,,3,2015,Ronco Dei Tassi,Colli Orientali Del Friuli Picolit,Colli Orientali Del Friuli Picolit,,DOCG,Friuli Venezia Giulia,86,3,86,nd,nd,Bianco Passito,25-29,Picolit 100%,12.5,1k,nd,-,,,na,na,na,na,na,Italia,2,,,
,0002287-1,0.34,3,0.10,3,3.0,3★,,Ronco Dei Tassi,Colli Orientali Del Friuli Picolit,Colli Orientali Del Friuli Picolit,,DOCG,Friuli Venezia Giulia,86.0,3★,86.0,nd,nd,Bianco Passito,25-29,Picolit 100%,12.5,1k,nd,-,,,na,na,na,na,na,Italia,1,,,
,0002288,,,,,,3,2011,Angoris,Colli Orientali Del Friuli Picolit,Colli Orientali Del Friuli Picolit,,DOCG,Friuli Venezia Giulia,86,3,86,nd,nd,Bianco Passito,30-34,Picolit 100%,14,1k,nd,-,,,na,na,na,na,na,Italia,2,,,
,0002288-1,0.34,3,0.09,3,3.0,3★,,Angoris,Colli Orientali Del Friuli Picolit,Colli Orientali Del Friuli Picolit,,DOCG,Friuli Venezia Giulia,86.0,3★,86.0,nd,nd,Bianco Passito,30-34,Picolit 100%,14,1k,nd,-,,,na,na,na,na,na,Italia,1,,,
,0002289,,,,,,2,2011,Torre Rosazza,Colli Orientali Del Friuli Picolit,Colli Orientali Del Friuli Picolit,,DOCG,Friuli Venezia Giulia,82,2,82,nd,nd,Bianco Passito,25-29,Picolit 100%,14.5,2k,nd,-,,,na,na,na,na,na,Italia,2,,,
,0002289-1,0.12,1,0.04,1,2.0,2★,,Torre Rosazza,Colli Orientali Del Friuli Picolit,Colli Orientali Del Friuli Picolit,,DOCG,Friuli Venezia Giulia,82.0,2★,82.0,nd,nd,Bianco Passito,25-29,Picolit 100%,14.5,2k,nd,-,,,na,na,na,na,na,Italia,1,,,
,0002290,,,,,,3,2013,Petrucco,Colli Orientali Del Friuli Picolit,Colli Orientali Del Friuli Picolit,,DOCG,Friuli Venezia Giulia,86,3,86,nd,nd,Bianco Passito,35-39,Picolit 100%,13,1k,nd,-,,,na,na,na,na,na,Italia,2,,,
,0002290-1,0.34,3,0.08,2,3.0,3★,,Petrucco,Colli Orientali Del Friuli Picolit,Colli Orientali Del Friuli Picolit,,DOCG,Friuli Venezia Giulia,86.0,3★,86.0,nd,nd,Bianco Passito,35-39,Picolit 100%,13,1k,nd,-,,,na,na,na,na,na,Italia,1,,,
,0002291,,,,,,3,2012,Livon,Colli Orientali Del Friuli Picolit,Colli Orientali Del Friuli Picolit,,DOCG,Friuli Venezia Giulia,86,3,86,nd,nd,Bianco Passito,40-44,Picolit 100%,12,2k,nd,-,,,na,na,na,na,na,Italia,2,,,
,0002291-1,0.34,3,0.07,2,3.0,3★,,Livon,Colli Orientali Del Friuli Picolit,Colli Orientali Del Friuli Picolit,,DOCG,Friuli Venezia Giulia,86.0,3★,86.0,nd,nd,Bianco Passito,40-44,Picolit 100%,12,1k,nd,-,,,na,na,na,na,na,Italia,1,,,
,0002292,,,,,,3,2015,Komjanc,Colli Orientali Del Friuli Picolit,Colli Orientali Del Friuli Picolit,,DOCG,Friuli Venezia Giulia,86,3,86,nd,nd,Bianco Passito,30-34,Picolit 100%,11.5,1k,nd,-,,,na,na,na,na,na,Italia,2,,,
,0002292-1,0.34,3,0.09,3,3.0,3★,,Komjanc,Colli Orientali Del Friuli Picolit,Colli Orientali Del Friuli Picolit,,DOCG,Friuli Venezia Giulia,86.0,3★,86.0,nd,nd,Bianco Passito,30-34,Picolit 100%,11.5,1k,nd,-,,,na,na,na,na,na,Italia,1,,,
,0002293,,,,,,2,2015,Tenuta Villanova,Colli Orientali Del Friuli Picolit,Colli Orientali Del Friuli Picolit,,DOCG,Friuli Venezia Giulia,82,2,82,nd,nd,Bianco Passito,40-44,Picolit 100%,14,1k,nd,-,,,na,na,na,na,na,Italia,2,,,
,0002293-1,0.12,1,0.02,1,2.0,2★,,Tenuta Villanova,Colli Orientali Del Friuli Picolit,Colli Orientali Del Friuli Picolit,,DOCG,Friuli Venezia Giulia,82.0,2★,82.0,nd,nd,Bianco Passito,40-44,Picolit 100%,14,1k,nd,-,,,na,na,na,na,na,Italia,1,,,
,0002294,,,,,,3,2010,Tenuta Villanova,Colli Orientali Del Friuli Picolit Filari Dell'Oro,Colli Orientali Del Friuli Picolit,,DOCG,Friuli Venezia Giulia,86,3,86,nd,nd,Bianco Passito,30-34,Picolit 100%,13,1k,Tagliere di formaggi erborinati,-,"Prezioso color topazio. Seduce con unampio ventaglio di intensi sentori di bucciadi mandarino, pesca sciroppata, dattero,orzo, chips di banana e albicocca disidratata.Eleganti note di miele millefiori, caramellad'orzo e invitanti accenni di frutta esoticacandita. Ricco e morbido al palato, sostenutoda una buona spalla fresca. Elementi olfattivisi ritrovano al gusto in equilibrio e con un finalelento e corrispondente. Appassimento sugraticci. Solo acciaio.",,na,na,na,na,na,Italia,2,,,
,0002294-1,0.34,3,0.09,3,3.0,3★,,Tenuta Villanova,Colli Orientali Del Friuli Picolit Filari Dell'Oro,Colli Orientali Del Friuli Picolit,,DOCG,Friuli Venezia Giulia,86.0,3★,86.0,nd,nd,Bianco Passito,30-34,Picolit 100%,13,1k,Tagliere di formaggi erborinati,-,,,na,na,na,na,na,Italia,1,,,
,0002300,,,,,,3,2018,Ad Coos,Ramandolo,Ramandolo,,DOCG,Friuli Venezia Giulia,86,3,86,3,86,Bianco Passito,20-24,Verduzzo Friulano 100%,14.5,2k,Pasticceria secca,8 mesi in acciaio,"Abito giallo oro. Elegante miscellanea di fruttaa pasta gialla disidratata unita con il miele el’amaretto sbriciolato. Segue un connubio traerbe officinali secche e macchia mediterranea.Liquirizia e incenso si ripropongono alsorso, fresco e delicato, con amabilichiose balsamiche e di frutta secca. Finalegradevolmente fresco dai richiami agrumati.Maturazione in acciaio per 8 mesi.",,na,na,na,na,na,Italia,2,,,
,0002300-1,0.34,20,0.91,20,3.0,3★,,Ad Coos,Ramandolo,Ramandolo,,DOCG,Friuli Venezia Giulia,86.0,3★,86.0,3★,86.0,Bianco Passito,20-24,Verduzzo Friulano 100%,14.5,2k,Pasticceria secca,8 mesi in acciaio,,,na,na,na,na,na,Italia,1,,,
,0002298,,,,,,3,2014,Agricola Gori,Ramandolo Oro Di Nemas,Ramandolo,,DOCG,Friuli Venezia Giulia,86,3,86,nd,nd,Bianco Passito,15-19,Verduzzo Friulano 100%,14,1k,Bavarese di ricotta e arance,8 mesi in botte,"Giallo ambrato. Ventaglio ricco, con profumidi frutta secca, datteri, fichi e uva passache anticipano di poco i richiami di erbesecche, effluvi resinosi e balsamici, miele dieucalipto. Dolce e ben proporzionato. Chiusuraamaricante sostenuta da una netta freschezzaAppassimento per 2 mesi, fermentazione ematurazione in barrique per 8 mesi, quindi inbottiglia per altri 6.",,na,na,na,na,na,Italia,2,,,
,0002298,,,,,,3,2015,Agricola Gori,Ramandolo Oro Di Nemas,Ramandolo,,DOCG,Friuli Venezia Giulia,86,3,86,nd,nd,Bianco Passito,15-19,Verduzzo Friulano 100%,14,1k,Uessuz,8 mesi in botte,"Ambrato splendente. Una seducente gammadi profumi rivela effluvi di resina e respiribalsamici, marmellata d'agrumi e mieled'eucalipto, fiori di zagara, uvetta, datteri e fichiessiccati. Ingresso al palato avvolgente, setoso,proteso verso una piacevole astringenza,tipica della varietà, che contribuisce a forgiarel'equilibrio gustativo, insieme alla freschezzasapida. Si congeda con lentezza, tra ricordi dimiele a agrumi canditi. Appassimento delle uvein cassetta per 2 mesi; dopo la fermentazionein barrique, riposa negli stessi recipienti per 8mesi",,na,na,na,na,na,Italia,2,,,
,0002298,,,,,,3,2016,Agricola Gori,Ramandolo Oro Di Nemas,Ramandolo,,DOCG,Friuli Venezia Giulia,86,3,86,nd,nd,Bianco Passito,20-24,Verduzzo Friulano 100%,14,2k,Cantucci alle mandorle,8 mesi in botte,"Ambrato sfavillante. Il ventaglio olfattivoarticolato evoca frutta secca, canditi, dattero,uva di Corinto, caffè e albicocca disidratata,tocchi di miele d'acacia e cera d’api inseguonodapprima delicate tostature, poi folate di wafere scorza d'arancia. Al palato è setoso, ricco, conimmediate memorie di agrumi canditi e miele.Si congeda senza fretta con continui richiamibalsamici e una chiusura lievemente ruvida efruttata. Appassimento delle uve in cassettaper 2 mesi; vinificazione e maturazione inbarrique d'acacia per 8 mesi,",,na,na,na,na,na,Italia,2,,,
,0002298,,,,,,3,2017,Agricola Gori,Ramandolo Oro Di Nemas,Ramandolo,,DOCG,Friuli Venezia Giulia,86,3,86,nd,nd,Bianco Passito,20-24,Verduzzo Friulano 100%,14,1k,Torta di noci e fichi secchi,8 mesi in botte,"Oro ambrato. Profuma di miele millefiori,dattero, fico bianco, mandarino e aranciacandita, con nuance più lievi di albicoccadisidratata, mirto e lavanda, che donanobrio all'olfatto. Il sorso, dolce e avvolgente,progredisce lungo un sentiero fresco,alternando i richiami fruttati con i ricordi dimacchia mediterranea e lasciando una delicatascia balsamica. Appassimento per 2 mesi incassette, fermenta poi in barrique di acacia,dove attende per 8 mesi.",,na,na,na,na,na,Italia,2,,,
,0002298,,,,,,3,2018,Agricola Gori,Ramandolo Oro Di Nemas,Ramandolo,,DOCG,Friuli Venezia Giulia,86,3,86,nd,nd,Bianco Passito,20-24,Verduzzo Friulano 100%,14,2k,nd,8 mesi in botte,,,na,na,na,na,na,Italia,2,,,
,0002298-1,1.69,100,4.55,100,3.0,3★,,Agricola Gori,Ramandolo Oro Di Nemas,Ramandolo,,DOCG,Friuli Venezia Giulia,86.0,3★,86.0,nd,nd,Bianco Passito,20-24,Verduzzo Friulano 100%,14,1k-2k,Bavarese di ricotta e arance – Uessuz – Cantucci alle mandorle – Torta di noci e fichi secchi,8 mesi in botte,,,na,na,na,na,na,Italia,1,,,
,0002295,,,,,,3,2014,Dario Coos,Ramandolo Vendemmia Tardiva,Ramandolo,,DOCG,Friuli Venezia Giulia,86,3,86,3,86,Bianco Passito,25-29,Verduzzo Friulano 100%,13.5,1k,Gorgonzola naturale,18 mesi in botte grande,"Elegante topazio. Naso raffinato e delicato,dal quale emergono invitanti sfumaturedi frutta secca, cera d'api, miele, seguiteda golosi rimandi di frutta esotica e dialbicocca. Al palato si svela avvolgente edequilibrato, sviluppandosi con freschezzasino alla conclusione lievernente amaricante.Appassimento in pianta. Vinificato e maturatoper 18 mesi in rovere francese.",,na,na,na,na,na,Italia,2,,,
,0002295,,,,,,3,2015,Dario Coos,Ramandolo Vendemmia Tardiva,Ramandolo,,DOCG,Friuli Venezia Giulia,86,3,86,3,86,Bianco Passito,20-24,Verduzzo Friulano 100%,13,2k,Bignè caldo al castemagno,15 mesi in botte,"Oro antico pregiato. Golosi ricordi di melaal forno, frutta disidratata, agrumi canditi emiele. Segue un suadente ventaglio florealecon sbuffi di fiori di tiglio e di fior d'arancio. Inbocca è setoso, ottimamente bilanciato, con latipica lieve astringenza a chiudere l'assaggio.Appassimento naturale con attacco di muffanobile, poi fermentazione e maturazione inpiccole botti di rovere.",,na,na,na,na,na,Italia,2,,,
,0002295,,,,,,3,2016,Dario Coos,Ramandolo Vendemmia Tardiva,Ramandolo,,DOCG,Friuli Venezia Giulia,86,3,86,3,86,Bianco Passito,25-29,Verduzzo Friulano 100%,13,3k,Uessuz,15 mesi in botte,"Dorato lucente. Impatto odoroso potente eprofondo: evidente impronta di frutta secca,integrata da dolci ricordi di datteri, miele,albicocca secca e biscotti alle mandorle, conun lieve sbuffo di incenso. Al palato palesaavvolgenza, accompagnata dalla sferzantefreschezza che assicura una corroborantesensazione balsamica e un lungo finalefruttato. Appassimento in pianta per 2 mesiVendemmia a metà novembre e maturazione inbarrique per 15 mesi",,na,na,na,na,na,Italia,2,,,
,0002295,,,,,,3,2017,Dario Coos,Ramandolo Vendemmia Tardiva,Ramandolo,,DOCG,Friuli Venezia Giulia,86,3,86,3,86,Bianco Passito,25-29,Verduzzo Friulano 100%,13.5,3k,Biscotti secchi di Verzegnis,12 mesi in botte,"Oro antico lucente. Stuzzicano i profumi dicera d'api, spezie dolci, curcuma e cenni discorza di arancia candita, albicocca e ficosecco. Essenze di fiori d'arancio completano unnaso raffinato. Al sorso si mostra avvolgente,sorretto da proporzionata freschezza,; si allungafino al lento finale dai ricordi di agrumi canditiAppassimento in pianta fino alla secondadecade di novembre, con attacco di botytiscinerea; fermenta poi in barrique, dove riposaper 12 mesi",,na,na,na,na,na,Italia,2,,,
,0002295,,,,,,3,2018,Dario Coos,Ramandolo Vendemmia Tardiva,Ramandolo,,DOCG,Friuli Venezia Giulia,87,3,88,3,86,Bianco Passito,25-29,Verduzzo Friulano 100%,13.5,3k,nd,12 mesi in botte,,,na,na,na,na,na,Italia,2,,,
,0002295-1,1.69,100,3.70,81,3.0,3★,,Dario Coos,Ramandolo Vendemmia Tardiva,Ramandolo,,DOCG,Friuli Venezia Giulia,86.2,3★,86.4,3★,86.0,Bianco Passito,25-29,Verduzzo Friulano 100%,13.5,1k,Gorgonzola naturale – Bignè caldo al castemagno – Uessuz – Biscotti secchi di Verzegnis,12-18 mesi in botte,,,na,na,na,na,na,Italia,1,,,
,0002301,,,,,,2,2013,Dario Coos,Ramandolo Il Longhino,Ramandolo,,DOCG,Friuli Venezia Giulia,82,2,82,2,82,Bianco Passito,20-24,Verduzzo Friulano 100%,13.5,8k,nd,-,,,na,na,na,na,na,Italia,2,,,
,0002301,,,,,,2,2015,Dario Coos,Ramandolo Il Longhino,Ramandolo,,DOCG,Friuli Venezia Giulia,82,2,82,2,82,Bianco Passito,20-24,Verduzzo Friulano 100%,13.5,12k,nd,-,,,na,na,na,na,na,Italia,2,,,
,0002301,,,,,,2,2016,Dario Coos,Ramandolo Il Longhino,Ramandolo,,DOCG,Friuli Venezia Giulia,83,2,84,2,82,Bianco Passito,20-24,Verduzzo Friulano 100%,13.5,12k,nd,-,,,na,na,na,na,na,Italia,2,,,
,0002301,,,,,,2,2017,Dario Coos,Ramandolo Il Longhino,Ramandolo,,DOCG,Friuli Venezia Giulia,83.5,3,85,2,82,Bianco Passito,20-24,Verduzzo Friulano 100%,13,14k,nd,-,,,na,na,na,na,na,Italia,2,,,
,0002301,,,,,,2,2018,Dario Coos,Ramandolo Il Longhino,Ramandolo,,DOCG,Friuli Venezia Giulia,82,nd,nd,2,82,Bianco Passito,20-24,Verduzzo Friulano 100%,13,14k,nd,-,,,na,na,na,na,na,Italia,2,,,
,0002301-1,0.58,34,1.55,34,2.0,3★,,Dario Coos,Ramandolo Il Longhino,Ramandolo,,DOCG,Friuli Venezia Giulia,82.5,2★-3★,83.3,2★,82.0,Bianco Passito,20-24,Verduzzo Friulano 100%,13,1k,nd,-,,,na,na,na,na,na,Italia,1,,,
,0002296,,,,,,3,2011,Giovanni Dri Il Roncat,Ramandolo Il Roncat,Ramandolo,,DOCG,Friuli Venezia Giulia,86,nd,nd,3,86,Bianco Passito,25-29,Verduzzo Friulano 100%,12.5,3k,nd,12 mesi in botte,,,na,na,na,na,na,Italia,2,,,
,0002296,,,,,,3,2012,Giovanni Dri Il Roncat,Ramandolo Il Roncat,Ramandolo,,DOCG,Friuli Venezia Giulia,86,3,86,3,86,Bianco Passito,25-29,Verduzzo Friulano 100%,12.5,3k,nd,12 mesi in botte,,,na,na,na,na,na,Italia,2,,,
,0002296,,,,,,3,2015,Giovanni Dri Il Roncat,Ramandolo Il Roncat,Ramandolo,,DOCG,Friuli Venezia Giulia,86,3,86,3,86,Bianco Passito,20-24,Verduzzo Friulano 100%,12,3k,Biscottini di farina gialla mandorle e uvetta,12 mesi in botte,"Oro antico. Su uno sfondo delicato di cera d'apisi allineano, in armonia fra loro, le deliziosefragranze della pasta di mandorle, della melacotogna disidratata e della scorza di aranciaL'ingresso è dolce, con un prezioso rimandoai profumi della frutta, in particolare melae albicocca. Si allunga con proporzionataacidità verso il finale lento, dalla scia tostata. Inbarrique di rovere per 12 mesi.",,na,na,na,na,na,Italia,2,,,
,0002296,,,,,,3,2017,Giovanni Dri Il Roncat,Ramandolo Il Roncat,Ramandolo,,DOCG,Friuli Venezia Giulia,87,3,86,3,88,Bianco Passito,20-24,Verduzzo Friulano 100%,12,3k,nd,12 mesi in botte,,,na,na,na,na,na,Italia,2,,,
,0002296-1,1.35,80,3.64,80,3.0,4★-5★,,Giovanni Dri Il Roncat,Ramandolo Il Roncat,Ramandolo,,DOCG,Friuli Venezia Giulia,86.3,3★,86.0,3★,86.5,Bianco Passito,20-24,Verduzzo Friulano 100%,12,1k,Biscottini di farina gialla mandorle e uvetta,12 mesi in botte,,,na,na,na,na,na,Italia,1,,,
,0002297,,,,,,2,2012,Giovanni Dri Il Roncat,Ramandolo,Ramandolo,,DOCG,Friuli Venezia Giulia,83.5,3,85,2,82,Bianco Passito,15-19,Verduzzo Friulano 100%,12,20k,nd,24 mesi in acciaio,,,na,na,na,na,na,Italia,2,,,
,0002297,,,,,,2,2013,Giovanni Dri Il Roncat,Ramandolo,Ramandolo,,DOCG,Friuli Venezia Giulia,83.5,3,85,2,82,Bianco Passito,15-19,Verduzzo Friulano 100%,12,20k,Frolla al mais bruciato con cremoso alla cannella,24 mesi in acciaio,"Giallo ambrato. ll ventaglio odoroso si apre suerbe officinali e di fiori di campo, per continuarecon frutta esotica e candita, sbuffi speziatipiccanti di zenzero e arancia rossa. La bevainiziale è fresca e proporzionata tra sapore,freschezza e la decisa componente glicerica.Chiude con riverberi mentolati. Riposa per 24mesi in acciaio.",,na,na,na,na,na,Italia,2,,,
,0002297,,,,,,2,2014,Giovanni Dri Il Roncat,Ramandolo,Ramandolo,,DOCG,Friuli Venezia Giulia,83,2,84,2,82,Bianco Passito,15-19,Verduzzo Friulano 100%,12.5,20k,nd,24 mesi in acciaio,,,na,na,na,na,na,Italia,2,,,
,0002297,,,,,,2,2015,Giovanni Dri Il Roncat,Ramandolo,Ramandolo,,DOCG,Friuli Venezia Giulia,82,2,82,2,82,Bianco Passito,15-19,Verduzzo Friulano 100%,12.5,20k,nd,24 mesi in acciaio,,,na,na,na,na,na,Italia,2,,,
,0002297,,,,,,2,2016,Giovanni Dri Il Roncat,Ramandolo,Ramandolo,,DOCG,Friuli Venezia Giulia,84,nd,nd,2,84,Bianco Passito,20-24,Verduzzo Friulano 100%,12,13k,nd,24 mesi in acciaio,,,na,na,na,na,na,Italia,2,,,
,0002297,,,,,,3,2017,Giovanni Dri Il Roncat,Ramandolo,Ramandolo,,DOCG,Friuli Venezia Giulia,85.5,3,86,3,85,Bianco Passito,20-24,Verduzzo Friulano 100%,12,13k,nd,24 mesi in acciaio,,,na,na,na,na,na,Italia,2,,,
,0002297-1,0.92,54,2.46,54,2.2,4★-5★,,Giovanni Dri Il Roncat,Ramandolo,Ramandolo,,DOCG,Friuli Venezia Giulia,83.6,2★-3★,84.4,2★-3★,82.8,Bianco Passito,20-24,Verduzzo Friulano 100%,12,1k,Frolla al mais bruciato con cremoso alla cannella,24 mesi in acciaio,,,na,na,na,na,na,Italia,1,,,
,0002304,,,,,,3,2011,Giovanni Dri Il Roncat,Ramandolo Uve Decembrine,Ramandolo,,DOCG,Friuli Venezia Giulia,86,3,86,3,86,Bianco Passito,20-24,Verduzzo Friulano 100%,12,1k,Scaloppa di foie gras,12 mesi in barrique,"Oro sgargiante. Un goloso bouquet di biscottoal malto, albicocca disidratata, nocciole tostate,fienagioni si unisce a suadenti note di mieled'acacia e raffinati toni minerali di gesso.Incede morbido all’assaggio, l'avvolgenzabilancia la decisa freschezza e invita al lento ecorrispondente finale. Vinificato e maturato per12 mesi in rovere.",,na,na,na,na,na,Italia,2,,,
,0002304,,,,,,3,2012,Giovanni Dri Il Roncat,Ramandolo Uve Decembrine,Ramandolo,,DOCG,Friuli Venezia Giulia,86,3,86,3,86,Bianco Passito,20-24,Verduzzo Friulano 100%,12.5,1k,Kipferl,12 mesi in barrique,"Ambra pura. Naso dolce, suadente, di melaal forno, crema pasticciera, datteri e fruttadisidratata. La scia iodata supporta allaperfezione il tutto, accanto a cenni di fiorisecchi. Sorso vellutato, sapido, di buonafreschezza. Piacevolmente ruvido il finaledi bocca. Vendemmia a fine novembre conappassimento in pianta. Fermenta e riposa per12 mesi in piccole botti di rovere.",,na,na,na,na,na,Italia,2,,,
,0002304,,,,,,3,2013,Giovanni Dri Il Roncat,Ramandolo Uve Decembrine,Ramandolo,,DOCG,Friuli Venezia Giulia,86,nd,nd,3,86,Bianco Passito,20-24,Verduzzo Friulano 100%,12,1k,Torta alle nocciole con gelato alla vaniglia,12 mesi in barrique,"Ambrato vivido. Ventaglio olfattivocaratterizzato da fioriture estive, frutta tropicaledisidratata, macchia mediterranea, zafferano,cera d'api, spezie dolci e un tocco di rabarbaro.Ingresso setoso e avvolgente; la delicataruvidità e la freschezza sorreggono il percorsogustativo, sigillato da continui aromi di frutta.Appassimento sulla pianta e barrique per 12mesi",,na,na,na,na,na,Italia,2,,,
,0002304,,,,,,3,2015,Giovanni Dri Il Roncat,Ramandolo Uve Decembrine,Ramandolo,,DOCG,Friuli Venezia Giulia,86,3,86,nd,nd,Bianco Passito,20-24,Verduzzo Friulano 100%,12,1k,Torta alle nocciole con gelato alla vaniglia,12 mesi in barrique,"Ambrato vivido. Ventaglio olfattivocaratterizzato da fioriture estive, frutta tropicaledisidratata, macchia mediterranea, zafferano,cera d'api, spezie dolci e un tocco di rabarbaro.Ingresso setoso e avvolgente; la delicataruvidità e la freschezza sorreggono il percorsogustativo, sigillato da continui aromi di frutta.Appassimento sulla pianta e barrique per 12mesi",,na,na,na,na,na,Italia,2,,,
,0002304-1,1.35,80,3.64,80,3.0,4★-5★,,Giovanni Dri Il Roncat,Ramandolo Uve Decembrine,Ramandolo,,DOCG,Friuli Venezia Giulia,86.0,3★,86.0,3★,86.0,Bianco Passito,20-24,Verduzzo Friulano 100%,12,1k,Scaloppa di foie gras – Kipferl – Torta alle nocciole con gelato alla vaniglia – Torta alle nocciole con gelato alla vaniglia,12 mesi in barrique,,,na,na,na,na,na,Italia,1,,,
,0002299,,,,,,3,2014,Giuseppe Bressani,Ramandolo,Ramandolo,,DOCG,Friuli Venezia Giulia,86,3,86,3,86,Bianco Passito,25-29,Verduzzo Friulano 100%,13.5,1k,Torta alle nocciole con gelato alla vaniglia,36 mesi in botte,"Giallo oro antico. Intriganti trame di albicocca,gelée di limone, cioccolato bianco, ficodisidratato, mandorla, pinoli, fiori di acacia ezagara. In bocca ha spessore: è dolce, rotondoe vellutato, con nitidi rimandi alle sensazioniolfattive e chiusura con cenni di caramello emiele di acacia. Appassimento delle uve incassetta per 6 settimane. Fermenta in acciaioe sosta sui lieviti in tonneau di rovere per 36mesi; poi un anno di affinamento in bottiglia.",,na,na,na,na,na,Italia,2,,,
,0002299-1,0.34,20,0.74,16,3.0,3★,,Giuseppe Bressani,Ramandolo,Ramandolo,,DOCG,Friuli Venezia Giulia,86.0,3★,86.0,3★,86.0,Bianco Passito,25-29,Verduzzo Friulano 100%,13.5,1k,Torta alle nocciole con gelato alla vaniglia,36 mesi in botte,,,na,na,na,na,na,Italia,1,,,
,0002303,,,,,,3,2013,La Roncaia,Ramandolo,Ramandolo,,DOCG,Friuli Venezia Giulia,86,3,86,3,86,Bianco Passito,30-34,Verduzzo Friulano 100%,12.5,7k,Bleu di capra stagionato,12 mesi in barrique,"Giallo ambrato luminoso. Naso variegato chesi apre su eleganti tostature di caffè e unatenue nota boisé. Erbe aromatiche e officinaliessiccate si abbinano ai ricordi di miele e dicaramella d'orzo. Poi agrumi canditi e fruttadisidratata come la pesca gialla, le chipsdi banana e i datteri. Dolce, ottimamentebilanciato da freschezza e sapidità adeguate,ha un finale lento con richiami tostati eagrumati. Raccolta tardiva e appassimentodelle uve. Fermenta in barrique di Allier dimedia tostatura e vi rimane a maturare per 12mesi",,na,na,na,na,na,Italia,2,,,
,0002303,,,,,,3,2015,La Roncaia,Ramandolo,Ramandolo,,DOCG,Friuli Venezia Giulia,86,3,86,3,86,Bianco Passito,25-29,Verduzzo Friulano 100%,12.5,7k,nd,12 mesi in barrique,,,na,na,na,na,na,Italia,2,,,
,0002303-1,0.68,40,1.48,33,3.0,3★,,La Roncaia,Ramandolo,Ramandolo,,DOCG,Friuli Venezia Giulia,86.0,3★,86.0,3★,86.0,Bianco Passito,25-29,Verduzzo Friulano 100%,12.5,1k,Bleu di capra stagionato,12 mesi in barrique,,,na,na,na,na,na,Italia,1,,,
,0002305,,,,,,3,2011,Toblar,Ramandolo Toblar,Ramandolo,,DOCG,Friuli Venezia Giulia,86,3,86,3,86,Bianco Passito,15-19,Verduzzo Friulano 100%,13.5,1k,Torta alle nocciole con gelato alla vaniglia,48 mesi in barrique,"Prezioso giallo-oro. Fine ventaglio olfattivointriso di miele millefiori, caramella d'orzo,albicocca e ananas disidratati, zenzerocandito, cera d'api, spezie dolci e un tocco dirabarbaro. Entra fresco e succoso, prima diinsistere su un allungo dolce e setoso chebilancia perfettamente il sorso. Richiami aspeziature e propoli nella lunga persistenzaDopo l'appassimento delle uve, è vinificato inbarrique, dove sosta per 48 mesi.",,na,na,na,na,na,Italia,2,,,
,0002305-1,0.34,20,1.18,26,3.0,3★,,Toblar,Ramandolo Toblar,Ramandolo,,DOCG,Friuli Venezia Giulia,86.0,3★,86.0,3★,86.0,Bianco Passito,15-19,Verduzzo Friulano 100%,13.5,1k,Torta alle nocciole con gelato alla vaniglia,48 mesi in barrique,,,na,na,na,na,na,Italia,1,,,
,0002302,,,,,,2,2014,Vigneti Pittaro,Ramandolo Ronco Vieri,Ramandolo,,DOCG,Friuli Venezia Giulia,84,2,82,3,86,Bianco Passito,10-14,Verduzzo Friulano 100%,13,4k,nd,-,,,na,na,na,na,na,Italia,2,,,
,0002302,,,,,,3,2015,Vigneti Pittaro,Ramandolo Ronco Vieri,Ramandolo,,DOCG,Friuli Venezia Giulia,85,2,84,3,86,Bianco Passito,10-14,Verduzzo Friulano 100%,13.5,4k,nd,-,,,na,na,na,na,na,Italia,2,,,
,0002302,,,,,,3,2016,Vigneti Pittaro,Ramandolo Ronco Vieri,Ramandolo,,DOCG,Friuli Venezia Giulia,85.5,3,85,3,86,Bianco Passito,10-14,Verduzzo Friulano 100%,13,4k,nd,-,,,na,na,na,na,na,Italia,2,,,
,0002302-1,0.79,47,3.90,86,2.7,3★,,Vigneti Pittaro,Ramandolo Ronco Vieri,Ramandolo,,DOCG,Friuli Venezia Giulia,84.8,2★-3★,83.7,3★,86.0,Bianco Passito,10-14,Verduzzo Friulano 100%,13,2k,nd,-,,,na,na,na,na,na,Italia,1,,,
,0002303,,,,,,3,2016,Giorgio Colutta,Rosazzo Bianco Nojar,Rosazzo,,DOCG,Friuli Venezia Giulia,86,3,86,nd,nd,Bianco Fermo,20-24,Friulano 50% – Sauvignon blanc 25% – Chardonnay 20% – Ribolla gialla 5%,13,1k,Tartare di salmone norvegese all'aneto,6 mesi in botte,"Giallo paglierino che emana copiose e variegate trame di spe- zie e sensazioni balsamiche. Il naso in seconda battuta re- gistra frutta sotto spirito, agrumi canditi ed erbe aromatiche secche. Il palato materico induce ad un sorso dal corretto con- trappeso e dai richiami speziati e fruttati.",,na,na,na,na,na,Italia,2,,,
,0002303-1,,,,,,3★,,Giorgio Colutta,Rosazzo Bianco Nojar,Rosazzo,,DOCG,Friuli Venezia Giulia,86.0,3★,86.0,nd,nd,Bianco Fermo,20-24,Friulano 50% – Sauvignon blanc 25% – Chardonnay 20% – Ribolla gialla 5%,13,1k,Tartare di salmone norvegese all'aneto,6 mesi in botte,,,na,na,na,na,na,Italia,1,,,
,0002304,,,,,,5,2014,Livio Felluga,Rosazzo Terre Alte,Rosazzo,,DOCG,Friuli Venezia Giulia,92,5,92,nd,nd,Bianco Fermo,40-44,Sauvignon blanc 40% – Friulano 30% – Pinot bianco 30%,13.5,1k,Branzino al forno con erbe aromatiche,9 mesi in botte,"Giallo paglierino luminoso. Splendidocaleidoscopio odoroso da cui emergono effluvidi salvia, alloro, pesca bianca e una lieve tracciavarietale. Poi eleganza e pulizia degli aromisi esprimono ancora con foglia di limone,semi di anice, santoreggia, fienagioni estivee una sottile speziatura. Assaggio compostoall'ingresso, diviene sapido, fresco e in pienacorrispondenza, con un lungo finale a trattimarino. Vinificato in acciaio, maturato partein acciaio e parte in botti piccole di roverefrancese per 10 mesi",,na,na,na,na,na,Italia,2,,,
,0002304,,,,,,5,2015,Livio Felluga,Rosazzo Terre Alte,Rosazzo,,DOCG,Friuli Venezia Giulia,92,5,92,nd,nd,Bianco Fermo,40-44,Sauvignon blanc 40% – Friulano 30% – Pinot bianco 30%,13.5,1k,Tartare di salmone norvegese all'aneto,9 mesi in botte,"Paglierino intenso e luminoso. Sequenzaolfattiva di mentuccia, bouquet floreale di fioribianchi e gialli, quali mughetto, gelsomino ecamomilla, poi pesca bianca, uva spina, agrumi,salsedine, sbuffi iodati e gessosi. Delicatissimepresenze speziate. Beva di grande personalitàed equilibrio. Esaltante percorso gustativo, chesi snoda tra perfetti rintocchi fruttati e mineralie lievi sentori tostati. Fermenta in acciaio,matura parzialmente in barrique di roverefrancese per 10 mesi.",,na,na,na,na,na,Italia,2,,,
,0002304,,,,,,5,2016,Livio Felluga,Rosazzo Terre Alte,Rosazzo,,DOCG,Friuli Venezia Giulia,92,5,93,5,91,Bianco Fermo,40-44,Sauvignon blanc 40% – Friulano 30% – Pinot bianco 30%,13.5,1k,Carpaccio di tonno con lime,9 mesi in botte,"Paglierino intenso e luminoso. Avvincente eopulento intarsio di profumi: regala sfumaturedi salvia, rosmarino e fienagioni estive, perproseguire su sensazioni di mela annurca,pesca gialla e gelatina di agrumi. Fini effluvi dipepe bianco e delicate tostature completano ilquadro. Esibisce equilibrio tra la sostanziosasetosità del sorso e la dinamicità fresco-sapida.Appagante nella persistenza, si congeda congran classe e perfetta armonia. Sosta in acciaioe piccolo rovere francese.",,na,na,na,na,na,Italia,2,,,
,0002304,,,,,,5,2017,Livio Felluga,Rosazzo Terre Alte,Rosazzo,,DOCG,Friuli Venezia Giulia,91,5,91,5,91,Bianco Fermo,40-44,Friulano 50% – Pinot bianco 15% – Sauvignon blanc 15% – Malvasia 10% – Ribolla gialla 10%,13.5,1k,Risotto melone e capesante,9 mesi in botte,"Paglierino luminoso. Bouquet splendidoche inizia con enfasi su toni di succo dipompelmo e agrumi, per poi aggiungeresentori di giglio, fresia bianca, magnolia egelsomino, completati da lievissime spezie.L'entrata coinvolge l'intero palato con raffinatogusto morbido e progressione continua dellesensazioni tattili e saporifere. Congedo lentoed elegante. Fermenta in acciaio e matura suilieviti per 9 mesi in rovere.",,na,na,na,na,na,Italia,2,,,
,0002304,,,,,,5,2018,Livio Felluga,Rosazzo Terre Alte,Rosazzo,,DOCG,Friuli Venezia Giulia,91.5,5,92,5,91,Bianco Fermo,40-44,Friulano 50% – Pinot bianco 15% – Sauvignon blanc 15% – Malvasia 10% – Ribolla gialla 10%,13.5,1k,Fettuccine al tartufo bianco,9 mesi in botte,"Luminosa livrea giallo paglierino. Al naso si scorge la macchia mediterranea intrecciata a delicata frutta gialla ed esotica. Sbuffi di miele di tiglio, croccante alle mandorle e frutta secca. Sorso appagante e dal grande equilibrio. Piacevole divenire aci- do-sapido. Congedo con continui richiami odorosi",,na,na,na,na,na,Italia,2,,,
,0002304-1,,,,,,5★,,Livio Felluga,Rosazzo Terre Alte,Rosazzo,,DOCG,Friuli Venezia Giulia,91.7,5★,92.0,5★,91.0,Bianco Fermo,40-44,Friulano – Pinot bianco – Sauvignon blanc – Malvasia – Ribolla gialla,13.5,1k,Branzino al forno con erbe aromatiche – Tartare di salmone norvegese all'aneto – Carpaccio di tonno con lime – Risotto melone e capesante – Fettuccine al tartufo bianco,9 mesi in botte,,,na,na,na,na,na,Italia,1,,,
,0002305,,,,,,3,2015,Ronco Delle Betulle,Rosazzo Bianco,Rosazzo,,DOCG,Friuli Venezia Giulia,86,3,86,nd,nd,Bianco Fermo,20-24,Friulano 60% – Chardonnay 20% – Sauvignon blanc 20%,14,2k,Scampi crudi,12 mesi in acciaio e botte,"Paglierino intenso e lucente. Corredo odorosodi gelsomino e fiori di acacia, qlbicocca epesca nettarina, cedro e melone bianco, quindirosmarino e soffi minerali. In bocca è dapprimaavvolgente e solare, per trovare il perfettoequilibrio grazie a una vivida freschezza.Chiude sapido con riverberi balsamici. Maturain acciaio, con 12 mesi in barrique per il tocaifriulano.",,na,na,na,na,na,Italia,2,,,
,0002305,,,,,,3,2016,Ronco Delle Betulle,Rosazzo Bianco,Rosazzo,,DOCG,Friuli Venezia Giulia,88,3,88,nd,nd,Bianco Fermo,20-24,Friulano 50% – Chardonnay 30% – Sauvignon blanc 20%,14,2k,,12 mesi in acciaio e botte,,,na,na,na,na,na,Italia,2,,,
,0002305,,,,,,4,2017,Ronco Delle Betulle,Rosazzo Bianco,Rosazzo,,DOCG,Friuli Venezia Giulia,89,4,89,nd,nd,Bianco Fermo,20-24,Friulano 50% – Chardonnay 30% – Sauvignon blanc 20%,14,3k,Aragosta in salsa,12 mesi in acciaio e botte,"Giallo paglierino luminoso. Il comparto olfattivoè articolato, la fusione dei singoli elementisi dischiude in profumi di rosmarino e notefumé, sfumature di fiori d'arancio e frollino allimone, poi mentuccia, pesca gialla e spezie.Cremosità e morbidezza accarezzano il palato,evidenziando la struttura, sostenuta dallaprogressione fresco-sapida che equilibra eintegra il sorso, sino all'epilogo su toni fruttatiRiposa tra acciaio e tonneau.",,na,na,na,na,na,Italia,2,,,
,0002305,,,,,,3,2018,Ronco Delle Betulle,Rosazzo Bianco,Rosazzo,,DOCG,Friuli Venezia Giulia,86,3,86,nd,nd,Bianco Fermo,20-24,Friulano 60% – Chardonnay 20% – Sauvignon blanc 20%,14,3k,Scorfano al forno,12 mesi in acciaio e botte,"Paglierino acceso dai riflessi dorati. Ventaglioodoroso di crema pasticciera e miele d'acacia.Si fanno largo la papaia, chips di banana emela golden, insieme a un ricordo di uva spinae uno sbuffo di incenso. Ingresso al palatosetoso, morbido. Notevole la struttura. È frescoe progredisce delicatamente ruvido nel finalefruttato. Matura tra acciaio e rovere di variedimensioni per 12 mesi,",,na,na,na,na,na,Italia,2,,,
,0002305-1,,,,,,3★-4★,,Ronco Delle Betulle,Rosazzo Bianco,Rosazzo,,DOCG,Friuli Venezia Giulia,87.3,3★-4★,87.3,nd,nd,Bianco Fermo,20-24,Friulano – Chardonnay – Sauvignon blanc,14,2k-3k,Scampi crudi – Aragosta in salsa – Scorfano al forno,12 mesi in acciaio e botte,,,na,na,na,na,na,Italia,1,,,
,0002306,,,,,,3,2013,Livio Felluga,Rosazzo Bianco Abbazia Di Rosazzo,Rosazzo,,DOCG,Friuli Venezia Giulia,88,3,88,nd,nd,Bianco Fermo,35-39,Friulano 20% – Pinot bianco 20% – Sauvignon blanc 20% – Malvasia 20% – Ribolla gialla 20%,13.5,1k,,9 mesi in botte,,,na,na,na,na,na,Italia,2,,,
,0002306,,,,,,4,2014,Livio Felluga,Rosazzo Bianco Abbazia Di Rosazzo,Rosazzo,,DOCG,Friuli Venezia Giulia,89,4,89,nd,nd,Bianco Fermo,30-34,Friulano 20% – Pinot bianco 20% – Sauvignon blanc 20% – Malvasia 20% – Ribolla gialla 20%,13.5,1k,Scorfano burro e salvia,9 mesi in botte,"Giallo paglierino intenso e lucente. Ventagliodi grande qualità. Burro d'alpeggio, fienagioni,macchia mediterranea, buccia di mandarino,agrumi canditi, resine e frutta secca. Setosoe solare al primo assaggio, che pare nonfinire mai. Bilanciato da intensa salsedine.Finale lungo con ricordi di frutta candita ecaramellata. Fermenta in acciaio, poi riposa per9 mesi nel rovere francese.",,na,na,na,na,na,Italia,2,,,
,0002306,,,,,,3,2015,Livio Felluga,Rosazzo Bianco Abbazia Di Rosazzo,Rosazzo,,DOCG,Friuli Venezia Giulia,88,3,88,nd,nd,Bianco Fermo,30-34,Friulano 20% – Pinot bianco 20% – Sauvignon blanc 20% – Malvasia 20% – Ribolla gialla 20%,13.5,1k,,9 mesi in botte,,,na,na,na,na,na,Italia,2,,,
,0002306,,,,,,4,2016,Livio Felluga,Rosazzo Bianco Abbazia Di Rosazzo,Rosazzo,,DOCG,Friuli Venezia Giulia,90,4,90,nd,nd,Bianco Fermo,35-39,Friulano 50% – Pinot bianco 20% – Sauvignon blanc 20% – Malvasia 5% – Ribolla gialla 5%,13.5,1k,Rotolino di pollo alle erbe,9 mesi in botte,"Paglierino lucente. Emergono ricordi dimacchia mediterranea, erbe essiccate, poicoinvolgenti nuance di pesca nettarina,mela golden, mandorla e lievi tostature. Siapre al palato con spessore e un apportofresco-sapido che garantisce l'equilibrio, finoa chiudere morbido e minerale. Fermenta inacciaio e matura per 9 mesi in rovere.",,na,na,na,na,na,Italia,2,,,
,0002306,,,,,,4,2017,Livio Felluga,Rosazzo Bianco Abbazia Di Rosazzo,Rosazzo,,DOCG,Friuli Venezia Giulia,89,4,89,nd,nd,Bianco Fermo,35-39,Friulano 50% – Pinot bianco 20% – Sauvignon blanc 20% – Malvasia 5% – Ribolla gialla 5%,13.5,1k,Coniglio arrotolato,9 mesi in botte,"Giallo paglierino splendente. Il naso esibiscein entrata nette memorie di pera kaiser enocciole; si completa con sentori di fieno emiele di tarassaco, mescolati agli effluvi dimenta e santoreggia. Ottima e ben dosata lamorbidezza gustativa. Equilibrato fin dall'inizio,con la sapidità che accompagna fino al lentoepilogo, coerente con l'esperienza olfattiva.Fermenta in acciaio, poi 9 mesi in legno grandedi rovere.",,na,na,na,na,na,Italia,2,,,
,0002306-1,,,,,,3★-4★,,Livio Felluga,Rosazzo Bianco Abbazia Di Rosazzo,Rosazzo,,DOCG,Friuli Venezia Giulia,88.8,3★-4★,88.8,nd,nd,Bianco Fermo,35-39,Friulano – Pinot bianco – Sauvignon blanc – Malvasia – Ribolla gialla,13.5,1k,Scorfano burro e salvia – Rotolino di pollo alle erbe – Coniglio arrotolato,9 mesi in botte,,,na,na,na,na,na,Italia,1,,,
,0002307,,,,,,4,2015,Ronchi Di Manzano,Rosazzo Bianco,Rosazzo,,DOCG,Friuli Venezia Giulia,89,4,89,nd,nd,Bianco Fermo,15-19,Friulano 50% – Sauvignon blanc 25% – Chardonnay 20% – Ribolla gialla 5%,13,3k,Trofie ai porri salsiccia e radicchio,solo acciaio,"Dorato intenso. Intrigante ventaglio di erbearomatiche, rosmarino, basilico e salvia, poifruttato di mela renetta, pesca tabacchiera eagrumi. Prosegue su note dolci di zuccherovanigliato e fioriture primaverili, con gradevolisentori salmastri. Morbido e avvolgentenell'esordio gustativo, procede fresco esapido verso l'equilibrio. In chiusura siaccorda all'olfatto, con ricordi fruttati cheaccompagnano il lungo finale. Vinificatoesclusivamente in acciaio, con breve sosta suilieviti.",,na,na,na,na,na,Italia,2,,,
,0002307,,,,,,3,2016,Ronchi Di Manzano,Rosazzo Bianco,Rosazzo,,DOCG,Friuli Venezia Giulia,88,3,88,nd,nd,Bianco Fermo,15-19,Friulano 50% – Sauvignon blanc 25% – Chardonnay 20% – Ribolla gialla 5%,13,5k,,solo acciaio,,,na,na,na,na,na,Italia,2,,,
,0002307-1,,,,,,3★-4★,,Ronchi Di Manzano,Rosazzo Bianco,Rosazzo,,DOCG,Friuli Venezia Giulia,88.5,3★-4★,88.5,nd,nd,Bianco Fermo,15-19,Friulano 50% – Sauvignon blanc 25% – Chardonnay 20% – Ribolla gialla 5%,13,3k-5k,Trofie ai porri salsiccia e radicchio,solo acciaio,,,na,na,na,na,na,Italia,1,,,
