Entry,Nazione,Anno,Nome,Denominazione,Menzioni,Classificazione,Produttore,Regione,Prezzo,Valutazione,Tipologia,Composizione,Alcol,PunteggioMedio,PunteggioAIS,Bottiglie,Affinamento,Abbinamento,Descrizione,PunteggioGamberoRosso,PunteggioGuida3,PunteggioGuida4,PunteggioGuida5,PunteggioGuida6,PunteggioGuida7,Note
2,Italia,2012,Montepulciano Vizarro,Montepulciano d’Abruzzo Colline Teramane,,DOCG,Barone Cornacchia,Abruzzo,15-19,star-4,Rosso fermo,Montepulciano 100%,14.5,89,89,,30 mesi in barrique,Cinghiale in umido,,na,na,na,na,na,na,
2,Italia,2013,Montepulciano Vizarro,Montepulciano d’Abruzzo Colline Teramane,,DOCG,Barone Cornacchia,Abruzzo,15-19,star-3,Rosso fermo,Montepulciano 100%,14.5,88,88,,30 mesi in barrique,Castrato alla brace,,na,na,na,na,na,na,
2,Italia,2014,Montepulciano Vizarro,Montepulciano d’Abruzzo Colline Teramane,,DOCG,Barone Cornacchia,Abruzzo,15-19,star-4,Rosso fermo,Montepulciano 100%,14.5,90,90,,30 mesi in barrique,Capriolo in salmì,,na,na,na,na,na,na,
2,Italia,2015,Montepulciano Vizarro,Montepulciano d’Abruzzo Colline Teramane,,DOCG,Barone Cornacchia,Abruzzo,15-19,star-4,Rosso fermo,Montepulciano 100%,14.5,90,90,,30 mesi in barrique,Pasta alla teramana,,na,na,na,na,na,na,
2,Italia,2016,Montepulciano Vizarro,Montepulciano d’Abruzzo Colline Teramane,,DOCG,Barone Cornacchia,Abruzzo,15-19,star-5,Rosso fermo,Montepulciano 100%,14.5,93,93,,30 mesi in barrique,Costine d'agnello alla brace,,na,na,na,na,na,na,
2,Italia,2017,Montepulciano Vizarro,Montepulciano d’Abruzzo Colline Teramane,,DOCG,Barone Cornacchia,Abruzzo,15-19,star-5,Rosso fermo,Montepulciano 100%,14.5,91,91,,30 mesi in barrique,Cosciotto d'agnello al forno,,na,na,na,na,na,na,
1,Italia,,Montepulciano Vizarro,Montepulciano d’Abruzzo Colline Teramane,,DOCG,Barone Cornacchia,Abruzzo,15-19,stars-3-5,Rosso fermo,Montepulciano 100%,14.5,na,na,,30 mesi in barrique,Cinghiale in umido – Castrato alla brace – Capriolo in salmì – Pasta alla teramana – Costine d'agnello alla brace – Cosciotto d'agnello al forno,,na,na,na,na,na,na,
2,Italia,2011,Nerobufaleffj,Terre Siciliane,,IGT,Gulfi,Sicilia,30-34,star-5,Rosso fermo,Nero d’Avola 100%,14.5,91,91,,24 mesi in botte grande,Ravioli di ricotta e maggiorana con sugo di maiale,"Splendido manto rubino vivo, concentrato. Bouquet vigoroso, intrigante e ricco di sfumature. | profumi di frutta in confettura e sotto spirito, dalla prugna al gelso, e le note floreali, che ricordano una rosa in infusione, precedono aromi speziati di pepe nero e curcuma, eleganti sentori di liquirizia e di erbe aromatiche, rinfrescanti effluvi balsamici e minerali. Sorso pieno, avvolgente, vellutato, vivacizzato dalla freschezza ancora ben presente e da una trama tannica in evoluzione, ma già integrata nella struttura. Lunghissima persistenza, finale sapido con richiami balsamici. ",na,na,na,na,na,na,
2,Italia,2012,Nerobufaleffj,Sicilia,,DOC,Gulfi,Sicilia,30-34,star-3,Rosso fermo,Nero d’Avola 100%,14.5,87,87,,24 mesi in botte grande,,,na,na,na,na,na,na,
2,Italia,2013,Nerobufaleffj,Sicilia,,DOC,Gulfi,Sicilia,30-34,star-3,Rosso fermo,Nero d’Avola 100%,14.5,87,87,,24 mesi in botte grande,,,na,na,na,na,na,na,
2,Italia,2014,Nerobufaleffj,Terre Siciliane,,IGT,Gulfi,Sicilia,35-39,star-3,Rosso fermo,Nero d’Avola 100%,14.5,88,88,,24 mesi in botte grande,,,na,na,na,na,na,na,
2,Italia,2016,Nerobufaleffj,Terre Siciliane,,IGT,Gulfi,Sicilia,45-49,star-5,Rosso fermo,Nero d’Avola 100%,14.5,93,93,,24 mesi in botte grande,Tournedos alla Rossini,"Rubino denso e profondo arricchito da sfumature ancora porpora. All'olfatto è intenso, deciso ed elegante: apre con un profumato mazzetto di viola, glicine e lavanda, poi subito emergono mora di rovo, prugna e mirtillo. Pepe nero, vaniglia e noce moscata inebriano il naso, seguiti da cuoio e tabacco su una scia mentolata. Il sorso è potente e avvolgente, caldo per la significativa presenza alcolica, ma bilanciato nella sensazione gustativa dalla freschezza e da una trama tannica  fitta, vellutata, ma ancora scalpitante. Finale ammandorlato di lunghissima persistenza.",na,na,na,na,na,na,
2,Italia,2017,Nerobufaleffj,Terre Siciliane,,IGT,Gulfi,Sicilia,45-49,star-5,Rosso fermo,Nero d’Avola 100%,14.5,91,91,,24 mesi in botte grande,Carrè di agnello al forno,"Manto rubino impenetrabile, quasi inchiostro. Fragranze iniziali di rosa, violetta e lavanda  si intrecciano ad amarena sotto spirito, mora  di rovo, gelsi neri. Lo scrigno olfattivo si apre ancora e vira su tracce balsamiche e mentolate che anticipano intriganti aromi di pepe nero, cannella, tabacco, cioccolato fondente e caffè In bocca è suadente: la spalla acida bilancia mirabilmente la vena alcolica; i tannini sono presenti ma ben delineati. Delicatamente sapido, regala una lunga persistenza con ritorni di frutta sotto spirito e spezie.",na,na,na,na,na,na,
1,Italia,,Nerobufaleffj,Terre Siciliane,,IGT,Gulfi,Sicilia,45-49,3★-5★,Rosso fermo,Nero d’Avola 100%,14.5,na,na,,24 mesi in botte grande,Ravioli di ricotta e maggiorana con sugo di maiale – Tournedos alla Rossini – Carrè di agnello al forno,,na,na,na,na,na,na,
2,Italia,2012,Amarone Classico,Amarone della Valpolicella, ,DOCG,Allegrini,Veneto,80-84,star-4,Rosso fermo,Corvina – Corvinone – Oseleta – Rondinella,15.5,89,89,,18 mesi in barrique,Braciola di cervo,,na,na,na,na,na,na,
2,Italia,2012,Amarone Classico,Amarone della Valpolicella, ,DOCG,Allegrini,Veneto,80-84,star-4,Rosso fermo,Corvina – Corvinone – Oseleta – Rondinella,15.5,90,90,,18 mesi in barrique,Costata di cavallo,,na,na,na,na,na,na,
2,Italia,2014,Amarone Classico,Amarone della Valpolicella, ,DOCG,Allegrini,Veneto,80-84,star-3,Rosso fermo,Corvina – Corvinone – Oseleta – Rondinella,15.5,89,89,,18 mesi in barrique,Filetto di cinghiale in crosta ai funghi,,na,na,na,na,na,na,
2,Italia,2015,Amarone Classico,Amarone della Valpolicella, ,DOCG,Allegrini,Veneto,80-84,star-4,Rosso fermo,Corvina – Corvinone – Oseleta – Rondinella,15.5,89,89,,18 mesi in barrique,Sella di cervo al ribes,,na,na,na,na,na,na,
2,Italia,2016,Amarone Classico,Amarone della Valpolicella, ,DOCG,Allegrini,Veneto,80-84,star-5,Rosso fermo,Corvina – Corvinone – Oseleta – Rondinella,15.5,89,89,,18 mesi in barrique,Filetto di angus,,na,na,na,na,na,na,
2,Italia,2017,Amarone Classico,Amarone della Valpolicella, ,DOCG,Allegrini,Veneto,80-84,star-3,Rosso fermo,Corvina – Corvinone – Oseleta – Rondinella,15.5,89,89,,18 mesi in barrique,,,na,na,na,na,na,na,
1,Italia,,Amarone Classico,Amarone della Valpolicella, ,DOCG,Allegrini,Veneto,80-84,3★-5★,Rosso fermo,Corvina – Rondinella – Corvinone – Croatina,15.5,na,na,,18 mesi in barrique,Braciola di cervo – Costata di cavallo – Filetto di cinghiale in crosta ai funghi – Sella di cervo al ribes – Filetto di angus,,na,na,na,na,na,na,
2,Italia,2013,Amarone Riserva Famiglia Pasqua,Amarone della Valpolicella,Riserva,DOCG,Pasqua,Veneto,125-149,star-5,Rosso fermo,Corvina 60% – Rondinella 25% – Oseleta 10% – Corvinone 5%,16.5,92,92,,24 mesi in botte,Filetto di cinghiale in crosta con castagne,,na,na,na,na,na,na,
1,Italia,,Amarone Riserva Famiglia Pasqua,Amarone della Valpolicella,Riserva,DOCG,Pasqua,Veneto,125-149,stars-5,Rosso fermo,Corvina – Rondinella – Oseleta – Corvinone,16.5,na,na,,24 mesi in botte,Filetto di cinghiale in crosta con castagne,,na,na,na,na,na,na,
2,Veneto,2011,Amarone Classico Riserva Cecilia Beretta Terre di Cariano,Amarone della Valpolicella,Classico – Riserva,DOCG,Pasqua,Veneto,70-74,star-4,Rosso fermo,Corvina 60% – Rondinella 25% – Corvinone 5%,15.5,90,90,,24 mesi in botte grande,Monte veronese stagionato,,na,na,na,na,na,na,
2,Italia,2015,Amarone Classico Riserva Cecilia Beretta Terre di Cariano,Amarone della Valpolicella,Classico – Riserva,DOCG,Pasqua,Veneto,75-79,star-3,Rosso fermo,Corvina 60% – Rondinella 25% – Corvinone 5%,15.5,85,85,,24 mesi in botte grande,Anatra ripiena al forno,,na,na,na,na,na,na,
1,Italia,,Amarone Classico Riserva Cecilia Beretta Terre di Cariano,Amarone della Valpolicella,Classico – Riserva,DOCG,Pasqua,Veneto,75-79,3★-4★,Rosso fermo,Corvina – Rondinella – Corvinone,15.5,na,na,,24 mesi in botte grande,Monte veronese stagionato – Anatra ripiena al forno,,na,na,na,na,na,na,
2,Italia,2012,Amarone Famiglia Pasqua,Amarone della Valpolicella,,DOCG,Pasqua,Veneto,45-59,star-3,Rosso fermo,Corvina 65% – Rondinella 25% – Corvinone 10%,15,85,85,,20 mesi in botte grande,Cervo in umido con polenta,,na,na,na,na,na,na,
2,Italia,2013,Amarone Famiglia Pasqua,Amarone della Valpolicella, ,DOCG,Pasqua,Veneto,60-64,star-3,Rosso fermo,Corvina 65% – Rondinella 25% – Corvinone 10%,15,86,86,,20 mesi in botte grande,Quaglie lardellate con ripieno di tartufo nero,,na,na,na,na,na,na,
1,Italia,,Amarone Famiglia Pasqua,Amarone della Valpolicella, ,DOCG,Pasqua,Veneto,60-64,3★,Rosso fermo,Corvina – Rondinella – Corvinone,15,na,na,,20 mesi in botte grande,Cervo in umido con polenta – Quaglie lardellate con ripieno di tartufo nero,,na,na,na,na,na,na,
2,Italia,2013,Amarone Classico Villa Borghetti,Amarone della Valpolicella,Classico,DOCG,Pasqua,Veneto,35-39,star-3,Rosso fermo,Corvina 65% – Rondinella 25% – Negrara 10%,15,85,85,,18 mesi in barrique e botte grande,Filetto in salsa roquefort,,na,na,na,na,na,na,
1,Italia,,Amarone Classico Villa Borghetti,Amarone della Valpolicella,Classico,DOCG,Pasqua,Veneto,35-39,3★,Rosso fermo,Corvina – Rondinella – Negrara,15,na,na,,18 mesi in barrique e botte grande,Filetto in salsa roquefort,,na,na,na,na,na,na,
2,Italia,2016,Amarone Classico Masua Di Jago,Amarone della Valpolicella,Classico,DOCG,Recchia,Veneto,30-34,star-3,Rosso fermo,Corvina 55% – Corvinone 25% – Rondinella 20%,16,88,88,,24 mesi in botte,,,na,na,na,na,na,na,
1,Italia,,Amarone Classico Masua Di Jago,Amarone della Valpolicella,Classico,DOCG,Recchia,Veneto,30-34,3★,Rosso fermo,Corvina – Corvinone – Rondinella ,16,na,na,,24 mesi in botte,,,na,na,na,na,na,na,
2,Italia,2016,Amarone Classico Riserva Ca’ Bertoldi,Amarone della Valpolicella,Classico – Riserva,DOCG,Recchia,Veneto,40-44,star-4,Rosso fermo,Corvina 55% – Corvinone 25% – Rondinella 20%,16.5,90,90,,60 mesi in botte,Petto d’anatra con cipolle limone e liquirizia,"Bel granato che si apre pian piano con ottima complessità e finezza su note di sottobosco, cioccolato e carruba. Al palato ha freschezza, mentre l'alcol, che non sovrasta mai la piacevole trama tannica, e il legno ben dosato regalano grande equilibrio a un Amarone davvero entusiasmante. ",na,na,na,na,na,na,
1,Italia,,Amarone Classico Riserva Ca’ Bertoldi,Amarone della Valpolicella,Classico – Riserva,DOCG,Recchia,Veneto,40-44,4★,Rosso fermo,Corvina – Corvinone – Rondinella ,16.5,na,na,,60 mesi in botte,Petto d’anatra con cipolle limone e liquirizia,,na,na,na,na,na,na,
2,Italia,2016,Amarone ,Amarone della Valpolicella, ,DOCG,Roccolo Callisto,Veneto,45-49,star-4,Rosso fermo,Corvina 50% – Corvinone 40% – Rondinella 10%,16.5,90,90,,48 mesi in botte,Filetto di capriolo ai mirtilli,"Rubino con riflessi granato. Partenza elegante, con confettura di ciliegia, fiori appassiti, erbe aromatiche, cannella e bastoncino di liquirizia. Sorso ancora vigoroso in freschezza, dal tannino fitto ma fuso. Equilibrato e raffinato, dalla chiusura agrumata e ammandorlata.",na,na,na,na,na,na,
1,Italia,,Amarone ,Amarone della Valpolicella, ,DOCG,Roccolo Callisto,Veneto,45-49,4★,Rosso fermo,Corvina – Corvinone – Rondinella ,16.5,na,na,,48 mesi in botte,Filetto di capriolo ai mirtilli,,na,na,na,na,na,na,
2,Italia,2012,Amarone ,Amarone della Valpolicella, ,DOCG,Roccolo Grassi,Veneto,75-79,star-5,Rosso fermo,Corvina 60%  – Rondinella 20% – Corvinone 15% – Croatina 5%,17,93,93,,90 giorni di appassimento + 24 mesi in barrique,Guancia di manzo brasata all’Amarone,"Rosso rubino luminoso con cenno granato  sul bordo. Aromi di frutta sotto spirito e in confettura fanno da contorno a sentori di cuoio, tabacco, rosmarino, liquirizia e cioccolato mentolato. Sorso pieno e articolato, caldo  con vivido tannino. Ottima la freschezza, che ripiana la mordida avvolgenza e conduce verso un equilibrato e prolungato finale dai ricordi di amarene e cioccolato. Chiude salino. Dopo 90 giorni di appassimento, è vinificato in acciaio e matura poi in barrique per 24 mesi, Abbinamento: Guancetta di manzo brasata all'Amarone su purè di patate. ",na,na,na,na,na,na,
2,Italia,2013,Amarone ,Amarone della Valpolicella, ,DOCG,Roccolo Grassi,Veneto,75-79,star-4,Rosso fermo,Corvina 60%  – Rondinella 20% – Corvinone 15% – Croatina 5%,16.5,90,90,,90 giorni di appassimento + 26 mesi in barrique,Lepre alla cacciatora con porcini,"Granato compatto e luminoso. Olfatto finemente distribuito tra amarena sotto spirito, smalto, pepe nero, china, coriandolo, cacao in polvere e liquirizia. Sorso incisivo e dinamico, dalla struttura Monumentale: freschezza e tannino giostrano con maestria, restituendo una diffusa sensazione di fluidità. Persistenza amplificata, ricca di spunti speziati. ",na,na,na,na,na,na,
2,Italia,2015,Amarone ,Amarone della Valpolicella, ,DOCG,Roccolo Grassi,Veneto,75-79,star-5,Rosso fermo,Corvina 60%  – Rondinella 20% – Corvinone 15% – Croatina 5%,16.5,92,92,,90 giorni di appassimento + 26 mesi in barrique,Bocconcini di cinghiale alle prugne,"Tra Il rubino e Il granato compatto, impenetrabile, dalla notevole consistenza. All'olfatto regala sensazioni balsamiche, prugne e ciliegie in confettura, cannella, cardamomo, pepe rosa e un ricordo di viola in appassimento; seguono un tocco di fieno e di erbe aromatiche, il timo e la maggiorana, polvere di caffè e cioccolato fondente. Il sorso è pulito, equilibrato, elegante nei morbidi ritorni fruttati e nei tannini levigati che esaltano la scia fresco-sapida. Nel lungo e appagante finale una leggera scia amaricante.",na,na,na,na,na,na,
2,Italia,2016,Amarone ,Amarone della Valpolicella, ,DOCG,Roccolo Grassi,Veneto,75-79,star-5,Rosso fermo,Corvina 60%  – Rondinella 20% – Corvinone 15% – Croatina 5%,16.5,92,92,,90 giorni di appassimento + 24 mesi in barrique,Anatra alla pechinese,"Granato scuro e intenso. Cupo all'inizio il quadro aromatico, tracce ferrose e fondo bruno, viola appassita, incenso e caffè; propone poi amarena, ribes nero e prugna. Grande impatto gustativo dal bell’equilibrio, dinamico ed elegante. Tannino fitto nel finale lungo e amaricante.",na,na,na,na,na,na,
1,Italia,,Amarone ,Amarone della Valpolicella, ,DOCG,Roccolo Grassi,Veneto,75-79,4★-5★,Rosso fermo,Corvina – Rondinella – Corvinone – Croatina,16.5,na,na,,90 giorni di appassimento + 24 mesi in barrique,Guancia di manzo brasata all’Amarone – Lepre alla cacciatora con porcini – Bocconcini di cinghiale alle prugne – Anatra alla pechinese,,na,na,na,na,na,na,
2,Italia,2014,Amarone Riserva,Amarone della Valpolicella,Riserva,DOCG,San Cassiano,Veneto,70-74,star-3,Rosso fermo,Corvina 60%  – Corvinone 30% – Rondinella 10%,17,88,88,,36 mesi in botte,,,na,na,na,na,na,na,
1,Italia,,Amarone Riserva,Amarone della Valpolicella,Riserva,DOCG,San Cassiano,Veneto,70-74,3★,Rosso fermo,Corvina – Corvinone – Rondinella ,17,na,na,,36 mesi in botte,,,na,na,na,na,na,na,
2,Italia,2016,Amarone,Amarone della Valpolicella, ,DOCG,San Cassiano,Veneto,45-49,star-3,Rosso fermo,Corvina 70%  – Rondinella 25% – Molinara 5%,16,88,88,,24 mesi in botte,,,na,na,na,na,na,na,
1,Italia,,Amarone,Amarone della Valpolicella, ,DOCG,San Cassiano,Veneto,45-49,3★,Rosso fermo,Corvina – Rondinella – Molinara ,16,na,na,,24 mesi in botte,,,na,na,na,na,na,na,
2,Italia,2012,Amarone Classico Riserva,Amarone della Valpolicella,Classico – Riserva,DOCG,Santa Sofia,Veneto,70-74,star-4,Rosso fermo,Corvina 40% – Corvinone 30% – Rondinella 30%,15.5,89,89,,60 mesi in botte,Cinghiale in umido,"Granato luminoso. Ricco nell’espressione olfattiva, che spazia dalla violetta candita, rosolio, frutta sciroppata e sotto spirito, al cacao, china, resine, balsami e spezie. Dotato di morbidezza fruttata, tannino rifinito, freschezza ancora dinamica e sapidità fine. ",na,na,na,na,na,na,
1,Italia,,Amarone Classico Riserva,Amarone della Valpolicella,Classico – Riserva,DOCG,Santa Sofia,Veneto,70-74,4★,Rosso fermo,Corvina – Corvinone – Rondinella,15.5,na,na,,60 mesi in botte,Cinghiale in umido,,na,na,na,na,na,na,
2,Italia,2013,Amarone Classico,Amarone della Valpolicella,Classico,DOCG,Santa Sofia,Veneto,35-39,star-4,Rosso fermo,Corvina 40% – Corvinone 30% – Rondinella 30%,15,88,88,,36 mesi in botte grande,Stinco di maiale al coriandolo,"Rosso rubino lucente dal riflesso aranciato, lento nel calice. Quadro olfattivo di ottima fattura, dominato dalla frutta scura; mora e ribes, mirtilli e amarene, con una speziatura sottile che ricorda il pepe nero e la cannella; in sottofondo le sensazioni dell'humus, dell'argilla, ma anche cuoio, tabacco da pipa e tocchi eterei e mentolati. La possente struttura è sorretta da una vivida freschezza, che esalta un tannino sottile e amalgamato. Sorso ben definito,  di grande fascino, che chiude con ottima persistenza.",na,na,na,na,na,na,
2,Italia,2015,Amarone Classico,Amarone della Valpolicella,Classico,DOCG,Santa Sofia,Veneto,35-39,star-3,Rosso fermo,Corvina 40% – Corvinone 30% – Rondinella 30%,15,88,88,,36 mesi in botte grande,Fagiano al forno,"Luminoso granato dalla fitta trama. L'impronta olfattiva è inizialmente speziata di vaniglia e cannella, oltre a ginepro, china e rabarbaro,  per volgere poi a ribes nero, mora di rovo  e confettura di ciliegia; sfumature di fiori macerati con un cenno di tabacco conferiscono ulteriore profondità. Al sorso è sinuoso,  per mostrare un equilibrio impostato sulla freschezza, con tannini vellutati e integrati Termina lievemnente amaricante e sapido.",na,na,na,na,na,na,
1,Italia,,Amarone Classico,Amarone della Valpolicella,Classico,DOCG,Santa Sofia,Veneto,35-39,3★-4★,Rosso fermo,Corvina – Corvinone – Rondinella,15,na,na,,36 mesi in botte grande,Stinco di maiale al coriandolo – Fagiano al forno,,na,na,na,na,na,na,
2,Italia,2011,Amarone Proemio,Amarone della Valpolicella,,DOCG,Santi,Veneto,55-59,star-4,Rosso fermo,Corvina 50% – Corvinone 30% – Rondinella 20%,16.5,90,90,,48 mesi in botte grande,Anatra al forno,"Rosso granato vivo e concentrato. L'intrigante bouquet si esprime con sentori evoluti di cuoio e tabacco, quindi prugna, fogliame secco e spezie dolci. Sandalo e alloro, viola e crema gianduia si alternano nella chiusura Vellutato e sontuoso al gusto, con un vivace tratto balsamico a sostegno della grande morbidezza: la freschezza accompagna tutto il sorso. Vinificazione in acciaio. ",na,na,na,na,na,na,
2,Italia,2012,Amarone Classico Proemio,Amarone della Valpolicella,Classico,DOCG,Santi,Veneto,65-69,star-3,Rosso fermo,Corvina 50% – Corvinone 30% – Rondinella 20%,16.5,87,87,,48 mesi in botte grande,Capriolo ai porcini,"Rosso granato, vivace e di elegante trasparenza. Mostra all'olfatto una successione di profumi che spaziano dal tabacco al  pepe nero, dal cuoio ai sentori di torba. Prosegue poi con morbide tracce di frutta  in confettura e sotto spirito, unite a delicate evidenze di rabarbaro e liquirizia. Il palato è caldo e avvolgente; l'ottima freschezza e la proporzionata morbidezza si fondono con un tannino ben cesellato, donando persistenza e un appagante finale.",na,na,na,na,na,na,
2,Italia,2013,Amarone Classico Proemio,Amarone della Valpolicella,Classico,DOCG,Santi,Veneto,65-69,star-3,Rosso fermo,Corvina 50% – Corvinone 30% – Rondinella 20%,16,88,88,,48 mesi in botte grande,Carrè di maiale alle mele,"Granato consistente. Umbratile e balsamico, con sensazioni di erbe officinali, macchia mediterranea, fungo, china, liquirizia, pepe, scorza d’'arancia e tracce ferrose; si dipana sulle morbidezze fruttate facendo risaltare confettura di more, di ribes nero e di prugne, ma anche rose e peonie. Al sorso spiccano ricchezza e calore, trama tannica fitta ma non invasiva e persistenza lunga e coerente; finale impreziosito da spunti balsamici e tostati.",na,na,na,na,na,na,
2,Italia,2015,Amarone Classico Proemio,Amarone della Valpolicella,Classico,DOCG,Santi,Veneto,60-64,star-4,Rosso fermo,Corvina 50% – Corvinone 30% – Rondinella 20%,15.5,89,89,,48 mesi in botte grande,Costata di cavallo con patate al rosmarino,"Granato piuttosto scuro e luminoso. Austerità e finezza all'olfatto, con fiori secchi, legni di pregio, prugna e mora sotto spirito, cacao e caffè. L’assaggio è coerente e diventa quasi giovanile per l'inter- vento di un’ottima freschezza e di un tannino levigato. Indugia tra note speziate e tostate.",na,na,na,na,na,na,
1,Italia,,Amarone Classico Proemio,Amarone della Valpolicella,Classico,DOCG,Santi,Veneto,60-64,3★-4★,Rosso fermo,Corvina – Corvinone – Rondinella,15.5,na,na,,48 mesi in botte grande,Anatra al forno – Capriolo ai porcini – Carrè di maiale alle mele – Costata di cavallo con patate al rosmarino,,na,na,na,na,na,na,La menzione “classico” è stata aggiunta nel 2012
2,Italia,2013,Amarone Classico Santico,Amarone della Valpolicella,Classico,DOCG,Santi,Veneto,45-49,star-3,Rosso fermo,Corvina 80% – Rondinella 20%,15,85,85,,30 mesi in barrique e botte grande,Piccione ripieno di tartufo nero,"Rosso granato cupo. Sentori di ciliegia, prugna, arancia, viola, rosa, cenni balsamici e di tabacco lasciano il palcoscenico ai ricordi di cioccolato, caffè e radice di liquirizia, tra leggere nuance di spezie. All'assaggio è incisivo e fresco, dopo un esordio avvolgente, di apprezzabile beva. La trama tannica è espressiva e ben modulata: accompagna un lungo finale, amaricante. Interessante sarà ritrovarlo fra qualche anno.",na,na,na,na,na,na,
2,Italia,2014,Amarone Classico Santico,Amarone della Valpolicella,Classico,DOCG,Santi,Veneto,45-49,star-3,Rosso fermo,Corvina 80% – Rondinella 20%,15.5,87,87,,30 mesi in botte grande,Sella di lepre con castagne e mirtilli,"Granato intenso con luminosi riflessi rubino. Panorama odoroso di grande profondità: incenso, cardamomo, arancia amara, marasca, viola, resine nobili, cera d'api e balsami, sottobosco, corteccia e tabacco. Al sorso conferma la sua classe: vellutato e scorrevole nonostante la grande struttura, concede  alla suadenza solo il carattere di un tannino incisivo, preciso ma nobile, che si fonde in una lunga persistenza coerente con l'olfatto.",na,na,na,na,na,na,
2,Italia,2016,Amarone Classico Santico,Amarone della Valpolicella,Classico,DOCG,Santi,Veneto,35-39,star-3,Rosso fermo,Corvina 80% – Rondinella 20%,15.5,86,86,,30 mesi in botte grande,,,na,na,na,na,na,na,
1,Italia,,Amarone Classico Santico,Amarone della Valpolicella,Classico,DOCG,Santi,Veneto,35-39,3★,Rosso fermo,Corvina – Rondinella,15.5,na,na,,30 mesi in barrique o botte grande,Piccione ripieno di tartufo nero – Sella di lepre con castagne e mirtilli,,na,na,na,na,na,na,
2,Italia,2011,Amarone ,Amarone della Valpolicella,Classico,DOCG,Santi,Veneto,35-39,star-3,Rosso fermo,Corvina 75% – Rondinella 25%,16,86,86,,30 mesi in barrique e botte grande,Brasato di Angus,"Granato di buona trasparenza. Lungo e persistente l'impatto olfattivo, dal timbro chiaro: riconoscimenti balsamici e minerali, accompagnati dalla presenza di un bel frutto in sottofondo, la marasca sotto spirito, la prugna appassita, la nespola. Spezie dolci e note tostate completano l'ampio bouquet. Gusto pieno e in equilibrio con le altre sensazioni, finale vellutato.",na,na,na,na,na,na,
2,Italia,2012,Amarone ,Amarone della Valpolicella,Classico,DOCG,Santi,Veneto,35-39,star-3,Rosso fermo,Corvina 75% – Rondinella 25%,16,85,85,,30 mesi in botte grande,Gulash con polenta,"Color granato deciso, con buona trasparenza e vivacità. All'olfatto si apre gradualmente  su cenni torbati e ferrosi. Emergono toni  di sottobosco, frutta scura in confettura, china, rabarbaro e cuoio, prima di chiudere  su soffi resinosi ed eterei. All'assaggio la frizione tannica e la tenace acidità mitigano perfettamente la veemenza alcolica, donando un inaspettato equilibrio. Si congeda su richiami empireumatici e sfuma sapido, molto lungo. ",na,na,na,na,na,na,
1,Italia,,Amarone ,Amarone della Valpolicella,Classico,DOCG,Santi,Veneto,35-39,3★,Rosso fermo,Corvina – Rondinella,16,na,na,,30 mesi in barrique o botte grande,Brasato di Angus – Gulash con polenta,,na,na,na,na,na,na,
2,Italia,2015,Amarone Classico Riserva,Amarone della Valpolicella,Classico – Riserva,DOCG,Scriani,Veneto,45-49,star-4,Rosso fermo,Corvina 60% – Corvinone 25% – Rondinella 15%,16,90,90,,40 mesi in botte,Spiedo misto di cacciagione,"Granato. Sprigiona bosso, eucalipto, tabacco dolce, spezie e ca- cao in un'aria fruttata di arancia, ciliegie sotto spirito, composta di prugne e frutti di bosco. Piacevoli l'equilibrio fresco-sapido, il tannino vellutato e la persistenza con chiusura fruttata e tostata.",na,na,na,na,na,na,
1,Italia,,Amarone Classico Riserva,Amarone della Valpolicella,Classico – Riserva,DOCG,Scriani,Veneto,45-49,4★,Rosso fermo,Corvina – Corvinone – Rondinella,16,na,na,,40 mesi in botte,Spiedo misto di cacciagione,,na,na,na,na,na,na,
2,Italia,2016,Amarone Classico,Amarone della Valpolicella,Classico,DOCG,Scriani,Veneto,35-39,star-3,Rosso fermo,Corvina 60% – Corvinone 25% – Rondinella 15%,16,88,88,,18 mesi in botte,,"Granato. Sprigiona bosso, eucalipto, tabacco dolce, spezie e ca- cao in un'aria fruttata di arancia, ciliegie sotto spirito, composta di prugne e frutti di bosco. Piacevoli l'equilibrio fresco-sapido, il tannino vellutato e la persistenza con chiusura fruttata e tostata.",na,na,na,na,na,na,
1,Italia,,Amarone Classico,Amarone della Valpolicella,Classico,DOCG,Scriani,Veneto,35-39,4★,Rosso fermo,Corvina – Corvinone – Rondinella,16,na,na,,18 mesi in botte,,,na,na,na,na,na,na,
2,Italia,2008,Amarone Classico Riserva,Amarone della Valpolicella,Classico – Riserva,DOCG,Secondo Marco,Veneto,200-225,star-5,Rosso fermo,Corvina 55% – Corvinone 35% – Rondinella 10%,16,96,96,,84 mesi in botte,Lepre in salsa dolceforte,"Rosso granato ma con ancora tanta luce. Ampio prospetto aro- matico caratterizzato da visciola, gelée di fragola, carruba, men- tuccia e cumino. Carezzevole morbidezza al palato, passo di ele- ganza raffinata e raro calibro. Scorre vivo con prolungati ricordi di amarena, caramella d'orzo e cannella.",na,na,na,na,na,na,
1,Italia,,Amarone Classico Riserva,Amarone della Valpolicella,Classico – Riserva,DOCG,Secondo Marco,Veneto,200-225,5★,Rosso fermo,Corvina – Corvinone – Rondinella,16,na,na,,84 mesi in botte,Lepre in salsa dolceforte,,na,na,na,na,na,na,
2,Italia,2010,Amarone Riserva Lilium Est,Amarone della Valpolicella,Riserva,DOCG,Tenuta Sant Antonio,Veneto,125-149,star-5,Rosso fermo,Corvina 70% – Rondinella 20% – Croatina 5% – Oseleta 5%,16,94,94,,36 mesi in botte,Filetto di cinghiale in crosta con funghi,"Granato scuro molto luminoso. Splendido ventaglio olfattivo: confettura di frutti rossi e spezie dolci, poi frutta secca, tabac- co, cuoio, arancia, sensazioni iodate. All’assaggio incede aitan- te senza ostentare potenza, sostenuto da ottima freschezza e sapidità. Tannino definito e setoso.",na,na,na,na,na,na,
1,Italia,,Amarone Riserva Lilium Est,Amarone della Valpolicella,Riserva,DOCG,Tenuta Sant Antonio,Veneto,125-149,5★,Rosso fermo,Corvinone – Rondinella – Croatina – Oseleta,16,na,na,,36 mesi in botte,Filetto di cinghiale in crosta con funghi,,na,na,na,na,na,na,
2,Italia,2012,Amarone Campo Dei Gigli,Amarone della Valpolicella,,DOCG,Tenuta Sant Antonio,Veneto,80-84,star-4,Rosso fermo,Corvina 70% – Rondinella 20% – Croatina 5% – Oseleta 5%,16,90,90,,90 giorni di appassimento + 36 mesi in botte grande,Arrosto di coturnice,"Fitto rubino tendente al granato. Richiami vegetali e tostati in avvio, con nocciola, cacao amaro, chiodi di garofano, uniti a minerale di argilla e polvere pirica. Col tempo schiarisce su rosa secca, toffee e zuppa inglese, sfodera marasca stramatura e arancia amara, a  tratti cassis e prugna quasi fresca, un frutto mutevole giocato tra macerazione prodiga e fragranze croccanti. Fresco, col tannino deciso del grande rosso, ricco d'alcol ma sempre alla briglia. Non manca nell’esplosivo tripudio del gusto un lungo congedo sapido. ",na,na,na,na,na,na,
2,Italia,2013,Amarone Campo Dei Gigli,Amarone della Valpolicella,,DOCG,Tenuta Sant Antonio,Veneto,80-84,star-4,Rosso fermo,Corvina 70% – Rondinella 20% – Croatina 5% – Oseleta 5%,16,90,90,,90 giorni di appassimento + 36 mesi in botte grande,Tagliata di cervo con salsa al ginepro,"Rosso granato concentrato. Si apre su sensazioni terrose e di humus, poi si sviluppa su marasca macerata, viola appassita, cuoio e cioccolato. Frutto che ritorna preponderante anche all'assaggio, sfumando su percezioni di cioccolato. La freschezza guida il sorso e si accompagna ad altrettanta morbidezza e  a una calibrata sapidità. Tannino vivace, mai prevaricante. Le uve vengono fatte appassire per 90 giorni.",na,na,na,na,na,na,
2,Italia,2015,Amarone Campo Dei Gigli,Amarone della Valpolicella,,DOCG,Tenuta Sant Antonio,Veneto,80-84,star-3,Rosso fermo,Corvina 70% – Rondinella 20% – Croatina 5% – Oseleta 5%,16,88,88,,90 giorni di appassimento + 36 mesi in botte grande,Allodole al tartufo nero,"Veste granato impenetrabile con sfumature che virano su nuance leggermente aranciate. L'olfatto sfoggia in primis note di humus, foglie secche, cuoio, pepe nero, cannella e chiodi di garofano; poi apre a sentori di ciliegie e prugne in confettura, ribes nero, visciola e more di rovo, intervallati da viola, geranio, cacao e polvere  di caffè. Palato ricco di materia, dal tannino vivace e abbondante freschezza, in un insieme perfettamente coeso, persistente, dal finale appena amaricante. ",na,na,na,na,na,na,
2,Italia,2016,Amarone Campo Dei Gigli,Amarone della Valpolicella,,DOCG,Tenuta Sant Antonio,Veneto,80-84,star-4,Rosso fermo,Corvina 70% – Rondinella 20% – Croatina 5% – Oseleta 5%,16,90,90,,90 giorni di appassimento + 36 mesi in botte grande,Capretto arrosto alle erbe aromatiche,"Rosso rubino luminoso con riflessi che tendono al granato. Bouquet aristocratico e variegato con confettura di ciliegie, prugna  e frutti di bosco, vaniglia e noce moscata,  per spostarsi verso aromi di china, tocchi boisé, tabacco e cuoio. Al palato è potente e strutturato, con la morbidezza iniziale che si fa domare dall'intensità della freschezza e dalla giusta sapidità. Il tannino, pregiato e in via di integrazione, si adopera per far conseguire  il miglior equilibrio e accompagna un finale persistente dai ricordi fruttati.",na,na,na,na,na,na,
2,Italia,2017,Amarone Campo Dei Gigli,Amarone della Valpolicella, ,DOCG,Tenuta Sant Antonio,Veneto,80-84,star-4,Rosso fermo,Corvina 70% – Rondinella 20% – Croatina 5% – Oseleta 5%,15.5,90,90,,90 giorni di appassimento + 36 mesi in botte grande,,,na,na,na,na,na,na,
1,Italia,,Amarone Campo Dei Gigli,Amarone della Valpolicella, ,DOCG,Tenuta Sant Antonio,Veneto,80-84,3★-4★,Rosso fermo,Corvina – Rondinella – Croatina – Oseleta,15.5,na,na,,90 giorni di appassimento + 36 mesi in botte grande,Arrosto di coturnice – Tagliata di cervo con salsa al ginepro – Allodole al tartufo nero – Capretto arrosto alle erbe aromatiche,,na,na,na,na,na,na,
2,Italia,2012,Amarone Telos L’ Amarone,Amarone della Valpolicella,,DOCG,Tenuta Sant Antonio,Veneto,45-49,star-3,Rosso fermo,Corvina 70% – Rondinella 20% – Croatina 5% – Oseleta 5%,15.5,87,87,,16 mesi in botte,Roast-beef alle erbe aromatiche,"Granato tenebroso, con vividi lampi rubino. Naso di tamarindo, erbe aromatiche secche, peonia, oleandro, piccoli frutti sotto spirito e prugna disidratata. Chiusura su mallo di noce, chiodi di garofano e rabarbaro, grafite e legno di cedro. Avvolgente e setoso. Equilibrato, fresco e giustamente tannico. Un biologico senza alibi e senza solfiti aggiunti. ",na,na,na,na,na,na,
2,Italia,2013,Amarone Telos L’ Amarone,Amarone della Valpolicella,,DOCG,Tenuta Sant Antonio,Veneto,45-49,star-3,Rosso fermo,Corvina 70% – Rondinella 20% – Croatina 5% – Oseleta 5%,15.5,88,88,,16 mesi in botte,Stracotto di manzo all’Amarone,"Granato evoluto, quasi mattone. Al naso racconta di uva passa, composta di frutta, gelée alle more, ceralacca e incenso, attorniato da spunti più briosi di coriandolo, china e mirto. In bocca è solido e vivace: evidenzia tannicità aggraziata e buona freschezza, in un impianto equilibrato. Persistente, con scia sapida conclusiva.",na,na,na,na,na,na,
2,Italia,2016,Amarone Telos L’ Amarone,Amarone della Valpolicella, ,DOCG,Tenuta Sant Antonio,Veneto,45-49,star-3,Rosso fermo,Corvina 70% – Rondinella 20% – Croatina 5% – Oseleta 5%,15.5,88,88,,16 mesi in botte,,,na,na,na,na,na,na,
1,Italia,,Amarone Telos L’ Amarone,Amarone della Valpolicella, ,DOCG,Tenuta Sant Antonio,Veneto,45-49,3★,Rosso fermo,Corvina – Rondinella – Croatina – Oseleta,15.5,na,na,,16 mesi in botte,Roast-beef alle erbe aromatiche – Stracotto di manzo all’Amarone,,na,na,na,na,na,na,
2,Italia,2013,Amarone Selezione Antonio Castagnedi,Amarone della Valpolicella, ,DOCG,Tenuta Sant Antonio,Veneto,45-49,star-3,Rosso fermo,Corvina 50% – Corvinone 20% – Rondinella 20% – Altri 10%,15,85,85,,24 mesi in botte,,,na,na,na,na,na,na,
2,Italia,2015,Amarone Selezione Antonio Castagnedi,Amarone della Valpolicella, ,DOCG,Tenuta Sant Antonio,Veneto,45-49,star-3,Rosso fermo,Corvina 50% – Corvinone 20% – Rondinella 20% – Altri 10%,15,86,86,,24 mesi in botte,,,na,na,na,na,na,na,
2,Italia,2016,Amarone Selezione Antonio Castagnedi,Amarone della Valpolicella, ,DOCG,Tenuta Sant Antonio,Veneto,45-49,star-3,Rosso fermo,Corvina 50% – Corvinone 20% – Rondinella 20% – Altri 10%,15,86,86,,24 mesi in botte,,,na,na,na,na,na,na,
2,Italia,2017,Amarone Selezione Antonio Castagnedi,Amarone della Valpolicella, ,DOCG,Tenuta Sant Antonio,Veneto,45-49,star-3,Rosso fermo,Corvina 70% – Rondinella 20% – Croatina 5% – Oseleta 5%,15,85,85,,24 mesi in botte,,,na,na,na,na,na,na,
1,Italia,,Amarone Selezione Antonio Castagnedi,Amarone della Valpolicella, ,DOCG,Tenuta Sant Antonio,Veneto,45-49,3★,Rosso fermo,Corvina – Corvinone – Rondinella – Croatina – Oseleta,15,na,na,,24 mesi in botte,,,na,na,na,na,na,na,
2,Italia,2013,Amarone Classico Riserva,Amarone della Valpolicella,Classico – Riserva,DOCG,Tenuta Santa Maria,Veneto,90-94,star-4,Rosso fermo,Corvina 75% – Corvinone 15% – Rondinella 10%,16,89,89,,48 mesi in botte gande,Controfiletto di bue alla brace,"Rosso granato luminoso. Profumi che ammaliano in punta di piedi: iniziali mora e amarena, geranio e coriandolo; poi liquirizia, mirto, pepe e sbuffi balsamici. L’assaggio rivela maturità, espressività e dinamismo tra sensazioni calde e morbide, mantenendo un ottimo bilanciamento col tannino vellutato.",na,na,na,na,na,na,
2,Italia,2015,Amarone Classico Riserva,Amarone della Valpolicella,Classico – Riserva,DOCG,Tenuta Santa Maria,Veneto,90-94,star-4,Rosso fermo,Corvina 75% – Corvinone 15% – Rondinella 10%,16,90,90,,48 mesi in botte gande,Tacchino ripieno al forno,"Granato intenso, compatto e impenetrabile. All'olfatto regala le freschezze delle erbe aromatiche, il timo, il rosmarino e la lavanda, soffi balsamici di eucalipto e menta, poi liquirizia, le spezie, con il pepe nero e la vaniglia in primo piano, e sensazioni fruttate di amarena e ribes. All'assaggio rivela un sorso pieno, dall'entrata morbida ed equilibrata, con Uuna spalla acida che ben bilancia l'alcolicità. Progressione calda, che pian piano sfuma sino al lungo epilogo appagante, in cui riaffiorano i sentori balsamici. ",na,na,na,na,na,na,
1,Italia,,Amarone Classico Riserva,Amarone della Valpolicella,Classico – Riserva,DOCG,Tenuta Santa Maria,Veneto,90-94,4★,Rosso fermo,Corvina – Corvinone – Rondinella,16,na,na,,48 mesi in botte gande,Controfiletto di bue alla brace – Tacchino ripieno al forno,,na,na,na,na,na,na,
2,Italia,2015,Amarone Classico Centenarie,Amarone della Valpolicella,Classico,DOCG,Tenuta Villa Bellini,Veneto,95-99,star-4,Rosso fermo,Corvina 79% – Rondinella 18% – Corvinone 3% ,16.5,90,90,,30 mesi in botte,Camoscio in umido con polenta,"Granato screziato di arancio. Punteggiato di erbe aromatiche e tocchi di torba, humus e pietra ferrosa; poi ribes nero e mora. Vibrante freschezza sul palato, con tannino morbido e vellutato. Persistente, con sensazioni appena tostate di caffè d'orzo e cioccolato. ",na,na,na,na,na,na,
1,Italia,,Amarone Classico Centenarie,Amarone della Valpolicella,Classico,DOCG,Tenuta Villa Bellini,Veneto,95-99,4★,Rosso fermo,Corvina – Corvinone – Rondinella,16.5,na,na,,30 mesi in botte,Camoscio in umido con polenta,,na,na,na,na,na,na,
2,Italia,2008,Amarone Classico Il Re Pazzo,Amarone della Valpolicella,Classico,DOCG,Terre Di Leone,Veneto,40-44,star-3,Rosso fermo,Corvina 40% – Corvinone 30% – Rondinella 20% – Oseleta 10%  ,15,87,87,,20 mesi in botte grande,Bocconcini di cervo al cavolo nero,"Rosso rubino con riflessi granato, di buona trasparenza. Olfatto intriso di spezie, pepe bianco, cannella, chiodi di garofano. Si dipana poi sulle note fruttate, la nespola, la marasca, e tostate, il cioccolato fondente, la polvere  di cacao. Sulle papille buona tensione con sensazioni ammandorlate nel finale, che assicurano buona beva. ",na,na,na,na,na,na,
2,Italia,2013,Amarone Classico Il Re Pazzo,Amarone della Valpolicella,Classico,DOCG,Terre Di Leone,Veneto,45-49,star-3,Rosso fermo,Corvina 50% – Corvinone 30% – Rondinella 20%,15.5,86,86,,24 mesi in botte grande,Maialino da latte arrosto,"Rubino con riflessi granato, si muove lento e sinuoso nel calice. Carezzevole il naso, giocato sull'eleganza del frutto, con sentori di marasca, ribes, lamponi e mora; seguono lo zenzero e il rabarbaro, impreziositi da cioccolato e caffè. Assaggio intenso, caratterizzato da abbondante alcolicità, ben bilanciata dalla freschezza  e dal tannino rotondo. Riposa per 24 mesi, prevalentemente in botti di rovere da 10 ettolitri, con passaggio in botti da 25 ettolitri. ",na,na,na,na,na,na,
2,Italia,2014,Amarone Classico Il Re Pazzo,Amarone della Valpolicella,Classico,DOCG,Terre Di Leone,Veneto,45-49,star-3,Rosso fermo,Corvina 50% – Corvinone 30% – Rondinella 20%,15.5,87,87,,24 mesi in botte grande,Sella di lepre con castagne,"Granato attraversato da lampi luminosi,  lento nel calice. Suadenti profumi fruttati, il ribes nero, la mora e la ciliegia candita, per poi concedere sentori di geranio e petali di viola essiccata, tocchi di vaniglia, pepe nero e curcuma, tabacco, grafite, china e le tostature del cacao in polvere. In assaggio manifesta imponente struttura, insieme a freschezza e tannino diretto e incisivo. Lunga persistenza speziata. ",na,na,na,na,na,na,
2,Italia,2015,Amarone Classico Il Re Pazzo,Amarone della Valpolicella,Classico,DOCG,Terre Di Leone,Veneto,45-49,star-3,Rosso fermo,Corvina 50% – Corvinone 30% – Rondinella 20%,15,87,87,,36 mesi in botte grande,Tordi in salmì con polenta,"Granato chiaro. Olfatto di ampio respiro, dagli aromi fusi in un insieme di cassis, amarena sotto spirito, confettura di more, violetta e  iris; quindi spezie, tabacco, cuoio, liquore alle erbe, cacao in polvere e volute balsamiche. La struttura imponente e il calore alcolico trovano adeguata contropartita nella buona freschezza e nella fitta tessitura tannica. ll finale è marcato da una percettibile sapidità, unitamente a echi fruttati e speziati. Per 36 mesi in botti grandi. Abbinamento:  Tordi in salmì con polenta ",na,na,na,na,na,na,
2,Italia,2016,Amarone Classico Il Re Pazzo,Amarone della Valpolicella,Classico,DOCG,Terre Di Leone,Veneto,45-49,star-3,Rosso fermo,Corvina 40% – Corvinone 30% – Rondinella 20% – Oseleta 10%  ,15,88,88,,30 mesi in botte grande,,,na,na,na,na,na,na,
1,Italia,,Amarone Classico Il Re Pazzo,Amarone della Valpolicella,Classico,DOCG,Terre Di Leone,Veneto,45-49,3★,Rosso fermo,Corvina – Corvinone – Rondinella – Oseleta,15,na,na,,20-36 mesi in botte grande,Bocconcini di cervo al cavolo nero – Maialino da latte arrosto – Sella di lepre con castagne – Tordi in salmì con polenta,,na,na,na,na,na,na,
2,Italia,2010,Amarone Classico Terre Di Leone,Amarone della Valpolicella,Classico,DOCG,Terre Di Leone,Veneto,65-69,star-4,Rosso fermo,Corvina 40% – Corvinone 30% – Rondinella 20% – Oseleta 10%  ,16,90,90,,60 mesi in botte grande,Sella di capriolo alle erbe aromatiche,"Veste rosso granato vivo e lucente. La progressione olfattiva è ampia e intrigante,  con riconoscimenti iniziali di noce moscata, cardamomo e cannella, ravvivati dalle sensazioni balsamiche di mentuccia e liquirizia; seguono la marasca e le tonalità brune di cacao e tabacco, con una sequenza delineata da resina, fiori di lavanda, incenso, humus e cuoio. Sorso intenso e articolato, dal tannino misurato e pronunciata freschezza. Chiude con ricordi di macchia mediterranea. ",na,na,na,na,na,na,
2,Italia,2012,Amarone Classico Terre Di Leone,Amarone della Valpolicella,Classico,DOCG,Terre Di Leone,Veneto,70-74,star-4,Rosso fermo,Corvina 40% – Corvinone 30% – Rondinella 20% – Oseleta 10%  ,16,90,90,,96 mesi in botte grande,Stracotto di manzo all’Amarone,"Rubino con riflessi granato. Eucalipto, mirto e liquirizia in primis, poi ribes nero, prugna secca e ciliegia sotto spirito; pepe, can- nella e tocchi di caffè d’orzo a completare il bouquet. Assaggio che evidenzia grande freschezza e tannino appena domo. Lungo il finale speziato.",na,na,na,na,na,na,
1,Italia,,Amarone Classico Terre Di Leone,Amarone della Valpolicella,Classico,DOCG,Terre Di Leone,Veneto,70-74,4★,Rosso fermo,Corvina – Corvinone – Rondinella – Oseleta,16,na,na,,60-96 mesi in botte grande,Sella di capriolo alle erbe aromatiche – Stracotto di manzo all’Amarone,,na,na,na,na,na,na,
2,Italia,2011,Amarone Classico Riserva Terre Di Leone,Amarone della Valpolicella,Classico – Riserva,DOCG,Terre Di Leone,Veneto,90-94,star-5,Rosso fermo,Corvina 40% – Corvinone 30% – Rondinella 20% – Oseleta 10%  ,16,94,94,,96 mesi in barrique e botte grande,Spezzatino di cinghiale,,na,na,na,na,na,na,
1,Italia,,Amarone Classico Riserva Terre Di Leone,Amarone della Valpolicella,Classico – Riserva,DOCG,Terre Di Leone,Veneto,90-94,5★,Rosso fermo,Corvina – Corvinone – Rondinella – Oseleta,16,na,na,,96 mesi in barrique e botte grande,Spezzatino di cinghiale,,na,na,na,na,na,na,
2,Italia,2009,Amarone Classico,Amarone della Valpolicella,Classico,DOCG,Terre Di Leone,Veneto,60-64,star-4,Rosso fermo,Corvina 40% – Corvinone 30% – Rondinella 20% – Oseleta 10%  ,16.5,90,90,,30 mesi in botte grande,Stracotto di manzo all’Amarone,"Veste granato, luminosa e spessa. L'impronta olfattiva è intensa, sentori di mora e ciliegia  in confettura intercalati da note di rosa e viola appassite. Declina sulle spezie di cannella, pepe, ginepro, con un elegante sottofondo di tabacco, china ed etereo. Dal sorso avvolgente, immediato, si distingue per struttura ed equilibrio con setosi tannini, elegante; persistono lungamente i richiami di ciliegia durona e mora, tabacco e spezie con un tocco di cacao. ",na,na,na,na,na,na,
1,Italia,,Amarone Classico,Amarone della Valpolicella,Classico,DOCG,Terre Di Leone,Veneto,60-64,4★,Rosso fermo,Corvina – Corvinone – Rondinella – Oseleta,16.5,na,na,,30 mesi in botte grande,Stracotto di manzo all’Amarone,,na,na,na,na,na,na,
2,Italia,2009,Amarone Valpantena Tezza,Amarone della Valpolicella,Valpantena,DOCG,Tezza,Veneto,40-44,star-4,Rosso fermo,Corvina 80%  – Rondinella 20%,16.5,89,89,,36 mesi in botte,Pernici farcite,"Intenso sia nel colore granato sia nei profumi di ciliegia in con- fettura, caffè e cioccolato, ravvivati da soffi balsamici e delica- ta speziatura. Al palato è avvolgente e di grande corpo. La freschezza non manca e sostiene il sorso. Chiudono il cerchio un tannino vellutato e un'ottima lunghezza.",na,na,na,na,na,na,
1,Italia,,Amarone Valpantena Tezza,Amarone della Valpolicella,Valpantena,DOCG,Tezza,Veneto,40-44,4★,Rosso fermo,Corvina  – Rondinella,16.5,na,na,,36 mesi in botte,Pernici farcite,,na,na,na,na,na,na,
2,Italia,2009,Amarone Corte Majoli,Amarone della Valpolicella, ,DOCG,Tezza,Veneto,30-34,star-2,Rosso fermo,Corvina 70%  – Rondinella 30%,15,84,84,,24 mesi in botte,,,na,na,na,na,na,na,
1,Italia,,Amarone Corte Majoli,Amarone della Valpolicella, ,DOCG,Tezza,Veneto,30-34,2★,Rosso fermo,Corvina  – Rondinella,15,na,na,,24 mesi in botte,,,na,na,na,na,na,na,
2,Italia,2009,Amarone Classico Riserva De Buris,Amarone della Valpolicella,Classico – Riserva,DOCG,Tommasi,Veneto,250-274,star-5,Rosso fermo,Corvina 60%  – Corvinone 25% – Oseleta 10% – Rondinella 5%,15.5,91,91,,48 mesi in botte,Germano reale al forno,"Granato netto, molto luminoso. Sfaccettato e armonioso nel proporre sensazioni olfattive che ricordano erbe aromatiche, confettura di prugne, rosa canina, argilla, pot-pourri, fave  di cacao, caffè in polvere, liquirizia e arancia amara. Al palato si esprime con risoluto vigore, alimentato da una decisa corrente tannica e da rivoli di freschezza che lo rendono bilanciato  e ne ridimensionano la potenza. Nel lungo finale si manifestano rintocchi sapidi e fruttati",na,na,na,na,na,na,
2,Italia,2010,Amarone Classico Riserva De Buris,Amarone della Valpolicella,Classico – Riserva,DOCG,Tommasi,Veneto,250-274,star-5,Rosso fermo,Corvina 60%  – Corvinone 25% – Oseleta 10% – Rondinella 5%,15.5,92,92,,48 mesi in botte,Medaglione di manzo alle spugnole,"Granato cupo. Austerità iniziale con note di cuoio, erbe aromatiche essiccate, poi un frutto netto e fresco, il ribes, il lampone, la mora su un'aria tostata. Sorso di spessore, denso e pieno, ben bilanciato che sintetizza in una unica soluzione freschezza, sapi- dità, tannino e morbidezza.",na,na,na,na,na,na,
1,Italia,,Amarone Classico Riserva De Buris,Amarone della Valpolicella,Classico – Riserva,DOCG,Tommasi,Veneto,250-274,5★,Rosso fermo,Corvina – Corvinone – Oseleta – Rondinella,15.5,na,na,,48 mesi in botte,Germano reale al forno – Medaglione di manzo alle spugnole,,na,na,na,na,na,na,
2,Italia,2008,Amarone Classico De Buris,Amarone della Valpolicella,Classico,DOCG,Tommasi,Veneto,250-274,star-5,Rosso fermo,Corvina 62%  – Corvinone 25% – Oseleta 8% – Rondinella 5%,15.5,92,92,,48 mesi in botte,Guancia di manzo brasata all’Amarone,"Granato quasi impenetrabile, di grande spessore. Maestoso sipario olfattivo su  aromi di tabacco da pipa, marasca, frutti di bosco, viola mammola e incenso. Nitidi effluvi di speziatura dolce segnano l'evoluzione e l'eredità del legno, con rintocchi di vaniglia  e polvere di caffè; seguono pennellate di liquirizia, china e rabarbaro. Sorso voluttuoso e interminabile per ampiezza e vigore, impreziosito da una cornice balsamica e un tannino serico, appena percettibile. Finale vellutato e appagante. ",na,na,na,na,na,na,
1,Italia,,Amarone Classico De Buris,Amarone della Valpolicella,Classico,DOCG,Tommasi,Veneto,250-274,5★,Rosso fermo,Corvina – Corvinone – Oseleta – Rondinella,15.5,na,na,,48 mesi in botte,Guancia di manzo brasata all’Amarone,,na,na,na,na,na,na,
2,Italia,2012,Amarone Classico,Amarone della Valpolicella,Classico,DOCG,Tommasi,Veneto,55-59,star-3,Rosso fermo,Corvina 50%  – Rondinella 30% – Corvinone 15% – Oseleta 5% ,15,90,90,,36 mesi in botte grande,Filetto di scottona in sfoglia,"La veste è color rubino di media intensità, con qualche guizzo porpora. All'olfatto esprime intense e fini note di marasca e prugna in confettura. A seguire un compendio di note di cannella, chiodi di garofano, foglia di tabacco e un accenno di toffee. Il palato è pervaso da un tannino setoso, elegante, con un finale di carruba. Maturazione per 3 anni in grandi botti di rovere di Slavonia. Da sempre un must nella produzione di Tommasi",na,na,na,na,na,na,
2,Italia,2013,Amarone Classico,Amarone della Valpolicella,Classico,DOCG,Tommasi,Veneto,55-59,star-4,Rosso fermo,Corvina 50%  – Rondinella 30% – Corvinone 15% – Oseleta 5% ,15,90,90,,36 mesi in botte grande,Filetto al pepe nero,"Granato dal riflesso rubino, di media intensità | profumi sono articolati e ben espressi, tra confettura di ciliegie, prugna, viola, vaniglia, pepe, chiodi di garofano, cacao, cuoio, accenti balsamici e iodati. Carnoso e morbido, dal tannino ancora vivace e succosa freschezza Lungo, su echi sapidi e fruttati.",na,na,na,na,na,na,
2,Italia,2015,Amarone Classico,Amarone della Valpolicella,Classico,DOCG,Tommasi,Veneto,55-59,star-3,Rosso fermo,Corvina 50%  – Rondinella 30% – Corvinone 15% – Oseleta 5% ,15,86,86,,36 mesi in botte grande,Filetto al pepe verde,"Granato dai riflessi aranciati, consistente. All'olfatto la balsamicità della resina, il chinotto e il bergamotto fanno da preludio a erbe amare e rabarbaro, ciliegia e confettura di ribes, humus e foglie secche. Ricordi di timo  e nocciola appena tostata. Sulle papille è appena morbido, con un tocco di freschezza e un tannino gentile e ben domato. ",na,na,na,na,na,na,
2,Italia,2016,Amarone Classico,Amarone della Valpolicella,Classico,DOCG,Tommasi,Veneto,45-49,star-3,Rosso fermo,Corvina 50%  – Rondinella 30% – Corvinone 15% – Oseleta 5% ,15,87,87,,36 mesi in botte grande,Arrosto di manzo,"Granato consistente e luminoso. Fresche presenze di resina di pino, china e bergamotto si fondono a sentori fruttati di ciliegia, mora, ribes e lampone in confettura; seguono profumi di humus, foglie secche, geranio, viola e rosa canina; nuance di pepe e cannella ne ampliano il bouquet. Al palato unisce grazia e struttura, in un efficace equilibrio tra freschezza e morbidezza. Il tannino è nobile, la persistenza lunga, dai ricordi fruttati e tostati. ",na,na,na,na,na,na,
2,Italia,2017,Amarone Classico,Amarone della Valpolicella,Classico,DOCG,Tommasi,Veneto,45-49,star-3,Rosso fermo,Corvina 50%  – Rondinella 30% – Corvinone 15% – Oseleta 5% ,15.5,88,88,,36 mesi in botte grande,,,na,na,na,na,na,na,
1,Italia,,Amarone Classico,Amarone della Valpolicella,Classico,DOCG,Tommasi,Veneto,45-49,3★-4★,Rosso fermo,Corvina – Rondinella – Corvinone – Oseleta,15.5,na,na,,36 mesi in botte grande,Filetto di scottona in sfoglia – Filetto al pepe nero – Filetto al pepe verde – Arrosto di manzo,,na,na,na,na,na,na,
2,Italia,2009,Amarone Classico Riserva Ca’ Florian,Amarone della Valpolicella,Classico – Riserva,DOCG,Tommasi,Veneto,95-99,star-4,Rosso fermo,Corvina 75%  – Corvinone 15% – Rondinella 10%,15.5,90,90,,48 mesi in barrique e botte grande,Cioccolato chuao,"Colore granato, luminoso. Il profumo è un caleidoscopio di aromi, subito gessoso con finezza balsamica di sandalo e lavanda secca, note di corteccia di china e rabarbaro. Poi un rincorrersi di amarene sotto spirito e mora di rovo, cuoio e tabacco biondo. ll palato è di un equilibrio perfetto, con una piacevolezza di beva che il corpo asseconda. Nel lungo finale ritorna all'olfatto una magia di pasticceria,  un entusiasmante chicco di caffè ricoperto  di fondente. ",na,na,na,na,na,na,
2,Italia,2011,Amarone Classico Riserva Ca’ Florian,Amarone della Valpolicella,Classico – Riserva,DOCG,Tommasi,Veneto,95-99,star-4,Rosso fermo,Corvina 75%  – Corvinone 20% – Rondinella 5%,15.5,90,90,,48 mesi in barrique e botte grande,Bocconcini di cervo al cavolo nero,"Rosso rubino tendente al granato. Bouquet  di sottobosco che richiama sentori di mora, corteccia, humus e liquirizia. Il lato più rotondo emnerge successivamente, con la ciliegia sotto spirito, insieme a vaniglia, cacao, tabacco  e caffè, e un lieve ricordo di arancia rossa. Denso e profondo, dotato di pronunciata freschezza gustativa a sostenere la struttura Le sensazioni balsamiche si susseguono nel finale. ",na,na,na,na,na,na,
2,Italia,2012,Amarone Classico Riserva Ca’ Florian,Amarone della Valpolicella,Classico – Riserva,DOCG,Tommasi,Veneto,95-99,star-4,Rosso fermo,Corvina 75%  – Corvinone 20% – Rondinella 5%,15.5,90,90,,48 mesi in barrique e botte grande,Medaglione di manzo alle spugnole,"Elegante granato dal riflesso aranciato. Sprigiona sensazioni di pepe e cannella, seguiti da tocchi balsamici e mentolati di mirto, eucalipto e corteccia di pino; poi ribes nero, mirtilli e ciliegie sotto spirito, che si intrecciano a pot-pourri di viola e rosa. Il sorso, morbido e vellutato, risulta equilibrato da una viva freschezza e da un lodevole tannino, che trasporta in un lungo epilogo minerale e appena fumé. ",na,na,na,na,na,na,
1,Italia,,Amarone Classico Riserva Ca’ Florian,Amarone della Valpolicella,Classico – Riserva,DOCG,Tommasi,Veneto,95-99,4★,Rosso fermo,Corvina – Corvinone – Rondinella,15.5,na,na,,48 mesi in barrique e botte grande,Cioccolato chuao – Bocconcini di cervo al cavolo nero – Medaglione di manzo alle spugnole,,na,na,na,na,na,na,
2,Italia,2009,Amarone Classico Riserva,Amarone della Valpolicella,Classico – Riserva,DOCG,Venturini,Veneto,95-99,star-5,Rosso fermo,Corvina 70%  – Rondinella 25% – Altre,16,92,92,,?,Spezzatino di cinghiale al ginepro,"Bellissimo già dal colore granato luminoso. Olfatto ampio e molto elegante di lampone, eucalipto, cuoio e sottobosco. Sorso emozionante, spettacolare per freschezza ed equilibrio, tannino cesellato, sale; l'alcol quasi non si avverte, così che un sorso ne richiama subito un altro. Capolavoro.",na,na,na,na,na,na,
1,Italia,,Amarone Classico Riserva,Amarone della Valpolicella,Classico – Riserva,DOCG,Venturini,Veneto,95-99,5★,Rosso fermo,Corvina – Rondinella – Altre,16,na,na,,?,Spezzatino di cinghiale al ginepro,,na,na,na,na,na,na,
2,Italia,2012,Amarone Classico,Amarone della Valpolicella,Classico,DOCG,Venturini,Veneto,30-34,star-4,Rosso fermo,Corvina 70% – Rondinella 25% – Altre,16,89,89,,24 mesi in botte,Filetto di cinghiale al timo,"Veste un rubino impenetrabile dalle sfumature granato. Ampio ed elegante bouquet che rilascia gradatamente rosa rossa, geranio e violetta, piccoli frutti neri e terra bagnata, su fondo di chiodi di garofano, rabarbaro e anice stellato. Equilibrato e coerente al gusto, dove tornano prepotenti il timbro fruttato, la perfetta trama tannica e la persistenza.",na,na,na,na,na,na,
2,Italia,2012,Amarone Classico,Amarone della Valpolicella,Classico,DOCG,Venturini,Veneto,30-34,star-4,Rosso fermo,Corvina 70% – Rondinella 25% – Altre,16,89,89,,24 mesi in botte,Sella di capriolo con Monte veronese,"Granato imperscrutabile eppure molto luminoso. Diffonde con grazia ed efficacia confettura di amarena, mora di rovo, respiri di macchia e sottobosco, carruba, china, cioccolatino alla menta, tabacco dolce e chiodi di garofano. Palato di grande spinta e persistenza, in cui calore e corpo sono imbrigliati dall’efficace sinergia di tannino e freschezza, strenuo tentativo di forgiare un equilibrio ancora in divenire. Finale sapido e molto esteso, impreziosito da una chiusura amaricante. ",na,na,na,na,na,na,
2,Italia,2013,Amarone Classico,Amarone della Valpolicella,Classico,DOCG,Venturini,Veneto,30-34,star-3,Rosso fermo,Corvina 70% – Rondinella 25% – Altre,16,87,87,,24 mesi in botte,Spezzatino in umido con polenta,"Rubino fitto con sfumature granato. Delinea un olfatto marcato da amarena sciroppata, ribes nero e mora, spezie scure, chiodi di garofano, pepe nero, mentolo, tabacco, terriccio e foglie secche, caffè in polvere e cuoio. Al palato risulta caldo e avvolgente, subito sferzato da tannino vigoroso e freschezza. Finale sapido e balsamico. ",na,na,na,na,na,na,
2,Italia,2015,Amarone Classico,Amarone della Valpolicella,Classico,DOCG,Venturini,Veneto,25-29,star-3,Rosso fermo,Corvina 70% – Rondinella 25% – Altre,16,87,87,,24 mesi in botte,Cosciotto d’agnello al forno,"Rubino fitto con sfumature granato. Delinea un olfatto marcato da amarena sciroppata, ribes nero e mora, spezie scure, chiodi di garofano, pepe nero, mentolo, tabacco, terriccio e foglie secche, caffè in polvere e cuoio. Al palato risulta caldo e avvolgente, subito sferzato da tannino vigoroso e freschezza. Finale sapido e balsamico. ",na,na,na,na,na,na,
2,Italia,2016,Amarone Classico,Amarone della Valpolicella,Classico,DOCG,Venturini,Veneto,25-29,star-3,Rosso fermo,Corvina 50% – Rondinella 25% – Corvinone 20% – Molinara 5%,16,88,88,,24 mesi in botte,,,na,na,na,na,na,na,
1,Italia,,Amarone Classico,Amarone della Valpolicella,Classico,DOCG,Venturini,Veneto,25-29,3★-4★,Rosso fermo,Corvina – Rondinella – Corvinone – Molinara,16,na,na,,24 mesi in botte,Filetto di cinghiale al timo – Sella di capriolo con Monte veronese – Spezzatino in umido con polenta – Cosciotto d’agnello al forno,,na,na,na,na,na,na,
2,Italia,2010,Amarone Classico Campomasua,Amarone della Valpolicella,Classico,DOCG,Venturini,Veneto,35-39,star-4,Rosso fermo,Corvina 70% – Rondinella 20% – Corvinone 10%,16.5,90,90,,150 giorni di appassimento + 36 mesi in botte grande,Controfiletto di cervo alle prugne,"Splendido nella sua tonalità granato di fitta massa colorante. Cattura il naso con note  di amarena, prugna, erbe aromatiche e viola appassita. Quindi anice e tostatura di caffè. Leggermente etereo. Il sorso è pieno e caldo, il tannino pienamente integrato gioca con una leggera sapidità minerale, che si ritrova nel finale col frutto e i caratteri tostati. ",na,na,na,na,na,na,
2,Italia,2011,Amarone Classico Campomasua,Amarone della Valpolicella,Classico,DOCG,Venturini,Veneto,35-39,star-4,Rosso fermo,Corvina 70% – Rondinella 20% – Corvinone 10%,16.5,89,89,,150 giorni di appassimento + 36 mesi in botte grande,Cinghiale alla cacciatora,"Granato con riflessi aranciati, di grande luminosità e consistenza. Ha l'austerità dell'esordio olfattivo di chi ha molto da dire ma non trova le parole: un sottile timbro balsamico e chinato, poi man mano, quasi sottovoce,  una marasca ancora verde e la freschezza del cardamomo e della lavanda. La frutta, ancora, con la prugna appassita e le florealità del campo. Sulle papille una buona forza si dipana come un lento volano in progressione, con la ciliegia protagonista e le spezie ben presenti, ma sempre gregarie al frutto. Riposa per 36 ",na,na,na,na,na,na,
2,Italia,2012,Amarone Classico Campomasua,Amarone della Valpolicella,Classico,DOCG,Venturini,Veneto,40-44,star-4,Rosso fermo,Corvina 70% – Rondinella 20% – Corvinone 10%,16.5,90,90,,150 giorni di appassimento + 36 mesi in botte grande,Lepre in salmì al ginepro,"Rosso rubino con riflessi granato, di ottima consistenza e media trasparenza. Quadro olfattivo orientato su caffè e cacao, mora, prugna e ciliegia sotto spirito, quindi gheriglio di noce, tabacco nero, liquirizia, cannella, resine nobili e incenso. All'assaggio si dimostra succulento, con calore e morbidezza ad affiancare una spinta fresca, dinamica, che confluisce in un tannino deciso e asciugante, già arrotondato. Finale lungo, dai richiami balsamici. Matura per 36 mesi in botti grandi e ",na,na,na,na,na,na,
2,Italia,2013,Amarone Classico Campomasua,Amarone della Valpolicella,Classico,DOCG,Venturini,Veneto,35-39,star-5,Rosso fermo,Corvina 70% – Rondinella 20% – Corvinone 10%,16.5,93,93,,150 giorni di appassimento + 36 mesi in botte grande,Manzo alle erbe aromatiche,"Granato con riflessi aranciati. La trama olfattiva apre su ricordo di cioccolatino alla ciliegia, mallo di noce, poi cipresso, incenso, sottobosco, humus, accompagnato da una sensazione leggermente fumé. Il ventaglio continua con le nuance speziate di pepe nero, cannella, un leggero tocco ferruginoso e una più decisa percezione di grafite in chiusura Sorso pieno, appagante, aristocratico, dalla trama tannica raffinata perfettamente intrecciata a una freschezza persistente; lungo il finale speziato. ",na,na,na,na,na,na,
2,Italia,2015,Amarone Classico Campomasua,Amarone della Valpolicella,Classico,DOCG,Venturini,Veneto,35-39,star-4,Rosso fermo,Corvina 70% – Rondinella 20% – Corvinone 10%,16.5,90,90,,150 giorni di appassimento + 36 mesi in botte grande,Stracotto di musso all’amarone,"Granato compatto e vivido. Incantevole — l'ampiezza olfattiva legata a sensazioni delicate e sinuose, con la ciliegia sotto spirito protagonista, accompagnata da accenni di ribes nero, lampone e prugna disidratata Caffè, chiodi di garofano, cannella e balsami si intrecciano su un letto di petali di viola, peonia e iris selvatico. Al palato la morbidezza è in primo piano. Non manca una spalla fresca ma è ancora il velluto che si allunga, legato a un tannino domo e a decisa sapidità. Ritorni tostati e di liquore alle erbe nel lungo finale. Dall'omonimo cru, per 150 giorni in appassimento. ",na,na,na,na,na,na,
1,Italia,,Amarone Classico Campomasua,Amarone della Valpolicella,Classico,DOCG,Venturini,Veneto,35-39,4★-5★,Rosso fermo,Corvina 70% – Rondinella 20% – Corvinone 10%,16.5,na,na,,150 giorni di appassimento + 36 mesi in botte grande,Controfiletto di cervo alle prugne – Cinghiale alla cacciatora – Lepre in salmì al ginepro – Manzo alle erbe aromatiche – Stracotto di musso all’amarone,,na,na,na,na,na,na,
2,Italia,2012,Amarone Classico Riserva,Amarone della Valpolicella,Classico – Riserva,DOCG,Vigneti Di Ettore,Veneto,100-124,star-5,Rosso fermo,Corvina 50% – Corvinone 30% – Rondinella 15% – Croatina 5%,16,92,92,,72 mesi in botte,Filetto flambè al pepe,"Rubino impenetrabile. Inizia con note balsamiche e mentolate, eucalipto e mirto; poi ciliegie sotto spirito, cioccolato, caffè e li- quirizia. Soffi di vaniglia e cannella completano i profumi. Sorso pieno e morbido, dalla piacevole freschezza e dal tannino ele- gante. Molto lungo, fruttato e speziato.",na,na,na,na,na,na,
1,Italia,,Amarone Classico Riserva,Amarone della Valpolicella,Classico – Riserva,DOCG,Vigneti Di Ettore,Veneto,100-124,5★,Rosso fermo,Corvina 50% – Corvinone 30% – Rondinella 15% – Croatina 5%,16,na,na,,72 mesi in botte,Filetto flambè al pepe,,na,na,na,na,na,na,
2,Italia,2012,Amarone Classico,Amarone della Valpolicella,Classico,DOCG,Vigneti Di Ettore,Veneto,40-44,star-4,Rosso fermo,Corvina 50% – Corvinone 25% – Rondinella 10% – Croatina 10% – Oseleta 5%,16,90,90,,30 mesi in botte grande,Capriolo in teglia con funghi e polenta,"Granato cupo con sgargiante accento  rubino, avvolgente nel calice. Conquista per compattezza ed eleganza dei profumi: prugna e mora in primis, poi spezia dolce, cannella e noce moscata, e un tocco di legni secchi, di cere di mobili. In bocca è austero, con sorso deciso retto dal tannino e una gradevole freschezza. La sapidità non fa che rafforzare l'intensità e la lunghezza del finale. Non manca una evoluzione di caffè d'orzo tostato e carruba che sfuma impreziosendo il vino con elegante tono di maturità. ",na,na,na,na,na,na,
2,Italia,2013,Amarone Classico,Amarone della Valpolicella,Classico,DOCG,Vigneti Di Ettore,Veneto,40-44,star-5,Rosso fermo,Corvina 50% – Corvinone 25% – Rondinella 10% – Croatina 10% – Oseleta 5%,16,91,91,,30 mesi in botte grande,Sella di capriolo con prugne e pinoli,"Granato limpido di bella lucentezza e densità. Intriso all'olfatto di spezie, chiodi di garofano, pepe nero, cannella, polvere di cacao, cioccolato fondente e orzo. Forza e controllo si traducono con eleganza. Le erbe aromatiche in secondo piano, poi un crescendo di marasca ancora croccante, china e rabarbaro. Sulle papille si dispone un po' più tannico e fresco delle attese, a tratti disidratante. Ritorni caldi e finale piacevolmente ammandorlato e minerale.",na,na,na,na,na,na,
2,Italia,2015,Amarone Classico,Amarone della Valpolicella,Classico,DOCG,Vigneti Di Ettore,Veneto,40-44,star-3,Rosso fermo,Corvina 50% – Corvinone 25% – Rondinella 10% – Croatina 10% – Oseleta 5%,16,87,87,,30 mesi in botte grande,Filetto di cinghiale al timo,"Granato con sfumature rubino. Sensazioni balsamiche e mentolate di erbe aromatiche  e macchia mediterranea, con il mirto e l'eucalipto, si integrano alle morbide nuance di confetture di mirtilli e more, lasciando spazio anche a vaniglia, pepe nero, terriccio, cuoio e resina. Al palato risulta di bella potenza senza rinnegare la fluidità e l'equilibrio, garantito da vivace freschezza di fondo e dal tannino di pregio, all'interno di un'avvolgente struttura. Convincente il finale, con lunghi echi tostati e fruttati. ",na,na,na,na,na,na,
2,Italia,2016,Amarone Classico,Amarone della Valpolicella,Classico,DOCG,Vigneti Di Ettore,Veneto,45-49,star-4,Rosso fermo,Corvina 50% – Corvinone 25% – Rondinella 10% – Croatina 10% – Oseleta 5%,16,90,90,,30 mesi in botte grande,Bocconcini di manzo al cavolo nero,"Fitto rubino dai vivaci riflessi granato. La potenza olfattiva si dispone su inebrianti profumi di spezie, cannella e vaniglia in primis, seguiti da mora e prugna in confettura, cioccolato, tabacco, cuoio, legno di sandalo  e distillato di ciliegia, per concludere con sentori balsamici di eucalipto. Sorso pieno  e autorevole, giustamente caldo, con gli esuberanti tannini e l'acidità che scorrono su binari paralleli in una struttura robusta e in piena evoluzione. Caffè e liquirizia allungano la raffinata persistenza retrolfattiva.",na,na,na,na,na,na,
1,Italia,,Amarone Classico,Amarone della Valpolicella,Classico,DOCG,Vigneti Di Ettore,Veneto,45-49,3★-5★,Rosso fermo,Corvina 50% – Corvinone 30% – Rondinella 15% – Croatina 5%,16,na,na,,30 mesi in botte grande,Capriolo in teglia con funghi e polenta – Sella di capriolo con prugne e pinoli – Filetto di cinghiale al timo – Bocconcini di manzo al cavolo nero,,na,na,na,na,na,na,
2,Italia,2013,Amarone Riserva Tenuta Casaletti,Amarone della Valpolicella,Riserva,DOCG,Villa Canestrari,Veneto,40-44,star-3,Rosso fermo,Corvina 50% – Rondinella 25% – Corvinone 10% – Altre,16,86,86,,24 mesi in botte,,,na,na,na,na,na,na,
2,Italia,2014,Amarone Riserva Tenuta Casaletti,Amarone della Valpolicella,Riserva,DOCG,Villa Canestrari,Veneto,40-44,star-3,Rosso fermo,Corvina 50% – Rondinella 25% – Corvinone 10% – Altre,16,87,87,,24 mesi in botte,Controfiletto di cervo ai mirtilli,"Granato cupo. Intensi i profumi di ciliegia e prugna in confettura, fiori in appassimento, note mentolate, cuoio, caffè e grafite. Im- portante e setoso, per un tannino levigato e avvolgente, con sotto- traccia ancora una bella freschezza. I duraturi ricordi si fanno to- stati e minerali",na,na,na,na,na,na,
1,Italia,,Amarone Riserva Tenuta Casaletti,Amarone della Valpolicella,Riserva,DOCG,Villa Canestrari,Veneto,40-44,3★,Rosso fermo,Corvina 50% – Corvinone 30% – Rondinella 15% – Croatina 5%,16,na,na,,24 mesi in botte,Controfiletto di cervo ai mirtilli,,na,na,na,na,na,na,
2,Italia,2017,Amarone Tenuta Casaletti,Amarone della Valpolicella,,DOCG,Villa Canestrari,Veneto,35-39,star-3,Rosso fermo,Corvina 70% – Corvinone 20% – Rondinella 10%,15,88,88,,18 mesi in botte,,,na,na,na,na,na,na,
1,Italia,,Amarone Tenuta Casaletti,Amarone della Valpolicella,,DOCG,Villa Canestrari,Veneto,35-39,3★,Rosso fermo,Corvina 70% – Corvinone 20% – Rondinella 10%,15,na,na,,18 mesi in botte,,,na,na,na,na,na,na,
2,Italia,2016,Amarone Villa Canestrari,Amarone della Valpolicella,,DOCG,Villa Canestrari,Veneto,35-39,star-3,Rosso fermo,Corvina 70% – Rondinella 15% – Corvinone 15%,15,88,88,,18 mesi in botte,,,na,na,na,na,na,na,
2,Italia,2017,Amarone Villa Canestrari,Amarone della Valpolicella,,DOCG,Villa Canestrari,Veneto,30-34,star-3,Rosso fermo,Corvina 70% – Rondinella 15% – Corvinone 15%,15,88,88,,18 mesi in botte,,,na,na,na,na,na,na,
1,Italia,,Amarone Villa Canestrari,Amarone della Valpolicella,,DOCG,Villa Canestrari,Veneto,30-34,3★,Rosso fermo,Corvina 70% – Rondinella 15% – Corvinone 15%,15,na,na,,18 mesi in botte,,,na,na,na,na,na,na,
2,Italia,2012,Amarone Plenum Riserva,Amarone della Valpolicella,Riserva,DOCG,Villa Canestrari,Veneto,45-49,star-4,Rosso fermo,Corvina 50% – Rondinella 30% – Corvinone 20%,15.5,90,90,,24 mesi in botte,Bocconcini di cinghiale,"Granato con deboli riflessi aranciati, vivido.  Si apre all'olfatto con interessanti profumi di prugna disidratata, amarena e frutti di bosco in confettura, intrecciati a ricordi floreali di viola appassita, rosa canina e geranio. Anche le spezie giocano un ruolo da protagoniste, come la cannella, la noce moscata, lo zenzero che accompagnano la fine balsamicità. Il sorso è avvolgente, con freschezza e sapidità in bell'equilibrio, attorniate da vellutati tannini. Chiusura gradevolmente amaricante. ",na,na,na,na,na,na,
2,Italia,2013,Amarone Plenum Riserva,Amarone della Valpolicella,Riserva,DOCG,Villa Canestrari,Veneto,55-59,star-4,Rosso fermo,Corvina 50% – Rondinella 30% – Corvinone 20%,16,90,90,,24 mesi in botte,Lasagnette al ragù di lepre,"Granato fulgido. Finemente intenso nelle sensazioni di tabacco, confettura di mirtilli, prugna e fiori rossi essiccati; aggiunge con  il tempo volute di incenso, grafite, confettura di ribes nero e una nuance di cardamomo. All'assaggio è decisamente pieno e strutturato; il tannino ben presente regala persistenza notevole e retrogusto equilibrato. Si distende a lungo su strade speziate.",na,na,na,na,na,na,
1,Italia,,Amarone Plenum Riserva,Amarone della Valpolicella,,DOCG,Villa Canestrari,Veneto,55-59,4★,Rosso fermo,Corvina 50% – Rondinella 30% – Corvinone 20%,16,na,na,,24 mesi in botte,Bocconcini di cinghiale – Lasagnette al ragù di lepre,,na,na,na,na,na,na,
2,Italia,2012,Amarone Riserva 1888,Amarone della Valpolicella,Riserva,DOCG,Villa Canestrari,Veneto,70-74,star-4,Rosso fermo,Corvina 80% – Rondinella 15% – Corvinone 5%,15.5,90,90,,36 mesi in botte grande,Bocconcini di cinghiale,"Granato con deboli riflessi aranciati, vivido.  Si apre all'olfatto con interessanti profumi di prugna disidratata, amarena e frutti di bosco in confettura, intrecciati a ricordi floreali di viola appassita, rosa canina e geranio. Anche le spezie giocano un ruolo da protagoniste, come la cannella, la noce moscata, lo zenzero che accompagnano la fine balsamicità. Il sorso è avvolgente, con freschezza e sapidità in bell'equilibrio, attorniate da vellutati tannini. Chiusura gradevolmente amaricante. ",na,na,na,na,na,na,
2,Italia,2013,Amarone Riserva 1888,Amarone della Valpolicella,Riserva,DOCG,Villa Canestrari,Veneto,80-84,star-4,Rosso fermo,Corvina 80% – Rondinella 15% – Corvinone 5%,16.5,90,90,,36 mesi in botte grande,Tournedos alla Rossini,"Il fitto granato appare quasi inchiostrato  nei suoi splendenti riflessi. Profilo odoroso contrassegnato da sentori stratificati che spaziano da uva passa e mirtillo rosso a gelatina di ribes nero, cardamomo e liquirizia; austere ventate di china, erbe officinali, terriccio smosso e corteccia, cannella e cacao. ll sorso ricorda un velluto dalla trama sostenuta; tannino sontuoso, pienamente arrotondato. Persistenza lunghissima.",na,na,na,na,na,na,
1,Italia,,Amarone Riserva 1888,Amarone della Valpolicella,Riserva,DOCG,Villa Canestrari,Veneto,80-84,4★,Rosso fermo,Corvina 80% – Rondinella 15% – Corvinone 5%,16.5,na,na,,36 mesi in botte grande,Bocconcini di cinghiale – Tournedos alla Rossini,,na,na,na,na,na,na,
2,Italia,2012,Amarone Classico,Amarone della Valpolicella,Classico,DOCG,Villa Spinosa,Veneto,35-39,star-3,Rosso fermo,Corvina 40% – Corvinone 40% – Rondinella 20%,16.5,86,86,,100 giorni di appassimento + 24 mesi in botte grande + 12 mesi in barrique,Petto d’anatra melograno e finocchio,"Granato trasparente e luminoso, dai profumi ricercati e fini di viola appassita, rosolio, bergamotto, composta di frutti di bosco, sciroppo di amarena, incenso, resina e pellame Sottili proporzioni tra struttura e indole morbida caratterizzano il palato, fra tannino nobile e freschezza godibile. Persistente e sapido nello sviluppo, con intensi echi fruttati e chiusura ammandorlata. ",na,na,na,na,na,na,
2,Italia,2014,Amarone Classico,Amarone della Valpolicella,Classico,DOCG,Villa Spinosa,Veneto,35-39,star-3,Rosso fermo,Corvina 40% – Corvinone 40% – Rondinella 20%,16.5,87,87,,100 giorni di appassimento + 24 mesi in botte grande,Gulash con polenta,"Rosso carminio dal bordo granato. Un filo balsamico avvolge tra loro fiori appassiti, elicriso, prugna disidratata, timo, tostatura e pepe in grani. Il cuoio e l'humus del sottobosco fanno da preludio a ribes nero, mora e lampone Calore e morbidezza al palato, solida struttura e una trama tannica chiara ma ben composta. Dimensione ed equilibrio in un proporzionato connubio dal finale appagante.",na,na,na,na,na,na,
2,Italia,2016,Amarone Classico,Amarone della Valpolicella,Classico,DOCG,Villa Spinosa,Veneto,35-39,star-3,Rosso fermo,Corvina 40% – Corvinone 40% – Rondinella 20%,16.5,88,88,,100 giorni di appassimento + 24 mesi in botte grande,Fagiano al forno alle prugne,"Rosso granato dalla luminosa trasparenza. Fresco profilo aromatico che gioca su ciliegie, ribes, lampone e arancia, glicine e lavanda. Vira poi verso timo e pepe, aggiungendo ventate tostate e balsamiche. Vivace in bocca, con ottima freschezza a bilanciare l'imponente impronta calorica; il tannino è giovane ma non aggressivo, Sorso succoso e scorrevole, chiude elegante con ricordi di marasca sotto spirito.",na,na,na,na,na,na,
2,Italia,2017,Amarone Classico,Amarone della Valpolicella,Classico,DOCG,Villa Spinosa,Veneto,35-39,star-4,Rosso fermo,Corvina 45% – Corvinone 45% – Rondinella 10%,16.5,90,90,,100 giorni di appassimento + 24 mesi in botte grande,Sella di camosco e scalogni glassati,"Rosso rubino compatto e luminoso. Amarene sotto spirito, bergamotto e ciclamino, seguiti da note di pepe nero, carda- momo e sensazioni di cuoio. Dimanico per freschezza e sa- pidità, con morbidi cenni fruttati e tannino sinuoso. La persistenza è scandita da aromi di cardamomo e cacao.",na,na,na,na,na,na,
1,Italia,,Amarone Classico,Amarone della Valpolicella,Classico,DOCG,Villa Spinosa,Veneto,35-39,3★-4★,Rosso fermo,Corvina – Rondinella – Corvinone,16.5,na,na,,100 giorni di appassimento + 24-36 mesi in botte grande o barrique,Petto d’anatra melograno e finocchio – Gulash con polenta – Fagiano al forno alle prugne – Sella di camosco e scalogni glassati,,na,na,na,na,na,na,
2,Italia,2010,Amarone Classico Albasini,Amarone della Valpolicella,Classico,DOCG,Villa Spinosa,Veneto,50-54,star-4,Rosso fermo,Corvina 45% – Corvinone 45% – Rondinella 10%,16,90,90,,100 giorni di appassimento  + 60 mesi in botte grande,Oca al forno con marroni,"Granato con fine trasparenza. Emergono profumi fruttati sotto spirito, di marasca,  ribes e mirtillo nero, accompagnati da spezie dolci, cannella, chiodi di garofano e una nuvola di polvere di cacao. Completa il quadro olfattivo anche una traccia minerale di gesso e un leggero tocco balsamico. Sorso che impone attenzione, con tannini morbidi e una freschezza ben fusa. Discreti i ritorni fruttati e speziati che accompagnano il finale. ",na,na,na,na,na,na,
2,Italia,2011,Amarone Classico Albasini,Amarone della Valpolicella,Classico,DOCG,Villa Spinosa,Veneto,50-54,star-4,Rosso fermo,Corvina 45% – Corvinone 45% – Rondinella 10%,16,90,90,,100 giorni di appassimento  + 60 mesi in botte grande,Lepre in salmì,"Granato terso con vaghe allusioni aranciate. Dopo un primo accenno di pot-pourri mette in evidenza una progressione di marasca, uvetta sotto spirito, ribes, lampone e un ricamo di erbe aromatiche, timo e maggiorana su tutte; chiude su tracce di tartufo scorzone, funghi secchi e nuance minerali e terrose. Il palato conferma uno stile classico e altrettanto austero, corroborato da una generosa avvenenza calorica, ma per nulla invadente, grazie al contributo di un tannino ancora in divenire.",na,na,na,na,na,na,
2,Italia,2013,Amarone Classico Albasini,Amarone della Valpolicella,Classico,DOCG,Villa Spinosa,Veneto,50-54,star-4,Rosso fermo,Corvina 45% – Corvinone 45% – Rondinella 10%,16,90,90,,100 giorni di appassimento  + 60 mesi in botte grande,Stinco di maiale,"Concentrato e vivido rosso granato. Affascinanti i sentori floreali di rose rosse  e peonie, che precedono le note di mirtillo, rabarbaro, china, caffè e cumino. Intonazione balsamica e speziata nel finale. Caldo e avvolgente al palato; l'imponente struttura è sostenuta da un'ottima freschezza che lo rende scorrevole. Vellutato il tannino. Si distende su sensazioni di ciliegia sotto spirito e polvere di cacao. ",na,na,na,na,na,na,
1,Italia,,Amarone Classico Albasini,Amarone della Valpolicella,Classico,DOCG,Villa Spinosa,Veneto,50-54,4★,Rosso fermo,Corvina 45% – Corvinone 45% – Rondinella 10%,16,na,na,,100 giorni di appassimento + 24-36 mesi in botte grande o barrique,Oca al forno con marroni – Lepre in salmì – Stinco di maiale,,na,na,na,na,na,na,
2,Italia,2007,Amarone Classico Guglielmi Di Jago 10 Anni,Amarone della Valpolicella,Classico,DOCG,Villa Spinosa,Veneto,75-79,star-5,Rosso fermo,Corvina 40% – Corvinone 40% – Rondinella 10%  – Altri,16,90,90,,12 mesi sulle feccie + 72 mesi in botte grande,Cinghiale in umido con polenta,"Granato chiaro con una luminosa vena aranciata. Naso dapprima giocato su sentori fruttati di ciliegia, confettura di prugna e scorza di arancia amara; poi si fa via via  più complesso con viola appassita, caffè, caramello, pepe nero e chiodi di garofano in evidenza, per chiudere su tracce balsamiche di eucalipto. Al palato è al contempo vellutato e dinamico, grazie a una prorompente dotazione calorica, tenuta a bada da un tannino incisivo, ma ben calibrato, e sostenuto nel finale da una rinfrescante sapidità. ",na,na,na,na,na,na,
1,Italia,,Amarone Classico Guglielmi Di Jago 10 Anni,Amarone della Valpolicella,Classico,DOCG,Villa Spinosa,Veneto,75-79,5★,Rosso fermo,Corvina 40% – Corvinone 40% – Rondinella 10%  – Altri,16,na,na,,100 giorni di appassimento + 24-36 mesi in botte grande o barrique,Cinghiale in umido con polenta,,na,na,na,na,na,na,
2,Italia,2008,Amarone Classico Etichetta Avorio,Amarone della Valpolicella,Classico,DOCG,Villa Spinosa,Veneto,40-44,star-4,Rosso fermo,Corvina 45% – Corvinone 45% – Rondinella 10%,16.5,90,90,,12 mesi in barrique + 48 mesi in botte grande,Carrè di cervo,"Riluce aranciato sul fondo granato e consistente. l profilo olfattivo manifesta profumi di mora, ciliegia e prugna in confettura, quindi mandarino con note floreali di rosa.  Si alternano le spezie scure come il pepe e il ginepro, su un sottofondo di tabacco kentucky e china unito a un'elegante mineralità. Sfuma etereo prima di avvolgere nel sorso caldo, equilibrato e strutturato, con tannini ben presenti e setosi che lasciano la bocca asciutta e pulita. Lungo finale amaricante con riverbero fruttato e di tabacco. ",na,na,na,na,na,na,
1,Italia,,Amarone Classico Etichetta Avorio,Amarone della Valpolicella,Classico,DOCG,Villa Spinosa,Veneto,40-44,4★,Rosso fermo,Corvina 45% – Corvinone 45% – Rondinella 10%,16.5,na,na,,12 mesi in barrique + 48 mesi in botte grande,Carrè di cervo,,na,na,na,na,na,na,
2,Italia,2007,Amarone Classico Riserva Fracastoro,Amarone della Valpolicella,Classico – Riserva,DOCG,Villabella,Veneto,45-49,star-4,Rosso fermo,Corvina 70% – Rondinella 20% – Corvinone 10%,15.5,89,89,,48 mesi in botte,Asiago stravecchio,"Rosso granato, di splendida vivacità e dalle movenze sinuose. All'olfatto prevale la  frutta rossa: ribes nero, prugna e ciliegia in confettura. Emerge un delicato sentore di viola rinvigorito da pepe, tabacco, grafite e mallo di noce. In bocca si esprime con buona freschezza, in un sorso pieno e avvolgente.",na,na,na,na,na,na,
2,Italia,2008,Amarone Classico Riserva Fracastoro,Amarone della Valpolicella,Classico – Riserva,DOCG,Villabella,Veneto,45-49,star-3,Rosso fermo,Corvina 70% – Rondinella 20% – Corvinone 10%,15.5,87,87,,48 mesi in botte,Pernici farcite,"Granato fitto, impenetrabile. Al naso emergono sensazioni balsamiche, resina, legno di  cedro, baccello di vaniglia; sfuma poi nella freschezza del cardamomo e del bergamotto, con dolci riferimenti di amarena e ribes nero in confettura. Gradevole finale tostato. Assaggio deciso, dal tannino smussato e abbondante freschezza. Lunga chiusura.",na,na,na,na,na,na,
2,Italia,2010,Amarone Classico Riserva Fracastoro,Amarone della Valpolicella,Classico – Riserva,DOCG,Villabella,Veneto,45-49,star-3,Rosso fermo,Corvina 70% – Rondinella 20% – Corvinone 10%,15.5,87,87,,48 mesi in botte,Maialino allo spiedo,"Granato classico di luminosa trasparenza, con riflessi aranciati. Sontuoso all'olfatto, tra cenni balsamici, resine e legni pregiati quali cedro e sandalo; poi china e rabarbaro, con nuance di ciliegia e mora. Al palato è morbido e vellutato, ingentilito dal tempo trascorso, pur senza sovrastare la trama tannica che regge il peso di un sorso caldo e robusto. ",na,na,na,na,na,na,
2,Italia,2011,Amarone Classico Riserva Fracastoro,Amarone della Valpolicella,Classico – Riserva,DOCG,Villabella,Veneto,50-54,star-3,Rosso fermo,Corvina 70% – Rondinella 20% – Corvinone 10%,15.5,87,87,,48 mesi in botte,Stufato di maiale,"Granato luminoso di buona trasparenza. L'olfatto regala un mix ben amalgamato di sentori fruttati e balsamico-vegetali: confettura di mora e frutti di bosco intersecano dapprima pino mugo, poi china e rabarbaro. In sottofondo peonia, chiodi di garofano e un tocco ferroso. Al palato esibisce una trama tannica ancora scalpitante, che frena con mano salda struttura e calore. Anche l'acidità serve in tal senso e dona brio alla lunga persistenza con richiami  di arancia sanguinella. ",na,na,na,na,na,na,
2,Italia,2012,Amarone Classico Riserva Fracastoro,Amarone della Valpolicella,Classico – Riserva,DOCG,Villabella,Veneto,60-64,star-3,Rosso fermo,Corvina 70% – Rondinella 20% – Corvinone 10%,15.5,88,88,,48 mesi in botte,,,na,na,na,na,na,na,
1,Italia,,Amarone Classico Riserva Fracastoro,Amarone della Valpolicella,Classico – Riserva,DOCG,Villabella,Veneto,60-64,3★-4★,Rosso fermo,Corvina 70% – Rondinella 20% – Corvinone 10%,15.5,na,na,,48 mesi in botte,,,na,na,na,na,na,na,
2,Italia,2010,Amarone Classico,Amarone della Valpolicella,Classico,DOCG,Villabella,Veneto,35-39,star-4,Rosso fermo,Corvina 60% – Rondinella 30% – Altre 10%,15,86,86,,36 mesi in botte,Filetto di manzo al Porto,"Rosso granato di ottima lucentezza. Sentori di ciliegia e prugna precedono il floreale  di geranio, le spezie del pepe nero e del cardamomo. Quindi toni boisé, tabacco e legno di cedro impreziosiscono il già ricco corredo. All'assaggio è una sintesi di austerità e raffinatezza, equilibrato nel setoso tannino e nella sapidità non amara. La freschezza sostiene il sorso e l'alcol dona rotondità e dolcezza. Rimandi di confettura di ciliegia e caffè nel lungo finale. ",na,na,na,na,na,na,
2,Italia,2011,Amarone Classico,Amarone della Valpolicella,Classico,DOCG,Villabella,Veneto,30-34,star-3,Rosso fermo,Corvina 70% – Rondinella 20% – Corvinone 10%,15,86,86,,36 mesi in botte,Stinco di maiale con ciliegie e lamponi,"Granato, con riflessi aranciati, profondo e denso. Esprime evidenze eteree di lacca,  poi cera d'api, rosa canina e viola appassita, lampone, eucalipto ed erbe aromatiche. Quindi cioccolato fondente, caffè e tabacco. Gusto vellutato e ben bilanciato: tannini esuberanti ma non aggressivi e durevole epilogo speziato. ",na,na,na,na,na,na,
2,Italia,2013,Amarone Classico,Amarone della Valpolicella,Classico,DOCG,Villabella,Veneto,30-34,star-3,Rosso fermo,Corvina 70% – Rondinella 20% – Corvinone 10%,15,86,86,,36 mesi in botte,,,na,na,na,na,na,na,
1,Italia,,Amarone Classico,Amarone della Valpolicella,Classico,DOCG,Villabella,Veneto,30-34,3★-4★,Rosso fermo,Corvina – Rondinella – Corvinone,15,na,na,,36 mesi in botte,,,na,na,na,na,na,na,
2,Italia,2011,Amarone Classico,Amarone della Valpolicella,Classico,DOCG,Zenato,Veneto,40-44,star-3,Rosso fermo,Corvina 80% – Rondinella 10% – Croatina 5% – Oseleta 5%,16.5,87,87,,36 mesi in botte,,,na,na,na,na,na,na,
2,Italia,2012,Amarone Classico,Amarone della Valpolicella,Classico,DOCG,Zenato,Veneto,45-49,star-3,Rosso fermo,Corvina 80% – Rondinella 10% – Croatina 5% – Oseleta 5%,16.5,88,88,,36 mesi in botte,,,na,na,na,na,na,na,
2,Italia,2013,Amarone Classico,Amarone della Valpolicella,Classico,DOCG,Zenato,Veneto,45-49,star-3,Rosso fermo,Corvina 80% – Rondinella 10% – Croatina 5% – Oseleta 5%,16.5,87,87,,36 mesi in botte,,,na,na,na,na,na,na,
2,Italia,2015,Amarone Classico,Amarone della Valpolicella,Classico,DOCG,Zenato,Veneto,45-49,star-3,Rosso fermo,Corvina 80% – Rondinella 10% – Croatina 5% – Oseleta 5%,16.5,87,87,,36 mesi in botte,,,na,na,na,na,na,na,
2,Italia,2016,Amarone Classico,Amarone della Valpolicella,Classico,DOCG,Zenato,Veneto,45-49,star-4,Rosso fermo,Corvina 80% – Rondinella 10% – Croatina 5% – Oseleta 5%,16.5,90,90,,36 mesi in botte,Medaglioni di cervo al balsamico,"Granato concentrato. L’olfatto è un condensato di aromi: sciroppo di frutti di bosco, liquore alle ciliegie, alloro e genziana, tabacco da sigaro, menta secca e spezie dolci. Un manto sontuoso pervade il palato, tannino fitto e setoso integrato nella solida struttura. Finale minerale, quasi ferroso.",na,na,na,na,na,na,
1,Italia,,Amarone Classico,Amarone della Valpolicella,Classico,DOCG,Zenato,Veneto,45-49,3★-4★,Rosso fermo,Corvina – Rondinella – Croatina – Oseleta,16.5,na,na,,36 mesi in botte,Medaglioni di cervo al balsamico,,na,na,na,na,na,na,
2,Italia,2009,Amarone Classico Riserva Sergio Zenato,Amarone della Valpolicella,Classico – Riserva,DOCG,Zenato,Veneto,85-89,star-3,Rosso fermo,Corvina 80% – Rondinella 10% – Croatina 5% – Oseleta 5%,16.5,88,88,16000,120 giorni di appassimento + 48 mesi in botte grande,Brasato di lepre,"Rubino scuro e fitto dai riflessi granato. Intensa sinfonia di profumi: frutta macerata e sotto spirito, mirto, lampone, mora di gelso; poi ciclamino, cannella e noce moscata, note balsamiche di eucalipto e bacche di ginepro. Gradevoli gli spunti terrosi, di tabacco da pipa e cioccolato. Al palato un corpo denso  e voluttuoso, materico e caldo, di elegante sapidità e dal tannino ricco e maturo. Fresco, persiste nel finale proprio per il tannino che non molla la presa e segna le tracce amaricanti conclusive, di castagno e china. ",na,na,na,na,na,na,
2,Italia,2011,Amarone Classico Riserva Sergio Zenato,Amarone della Valpolicella,Classico – Riserva,DOCG,Zenato,Veneto,85-89,star-4,Rosso fermo,Corvina 80% – Rondinella 10% – Croatina 5% – Oseleta 5%,16.5,89,89,16000,120 giorni di appassimento + 48 mesi in botte grande,Stracotto di musso,"Granato compatto luminoso dai riflessi rubino, ancora sinonimo di gioventù. Complesso ed elegante il registro olfattivo, con avvolgenti ricordi di confetture scure e frutta sotto spirito, vaniglia e cannella. Seguono tostature di cacao, cioccolato e caffè, mitigate da sbuffi balsamici e mentolati. Assaggio caldo e morbido con freschezza e sapidità intrecciate a un tannino incisivo. Termina con una lunga persistenza dai ricordi di arancia e ciliegia in sciroppo d'acquavite. ",na,na,na,na,na,na,
2,Italia,2012,Amarone Classico Riserva Sergio Zenato,Amarone della Valpolicella,Classico – Riserva,DOCG,Zenato,Veneto,90-94,star-4,Rosso fermo,Corvina 80% – Rondinella 10% – Croatina 5% – Oseleta 5%,16.5,89,89,16000,120 giorni di appassimento + 60 mesi in botte grande,Filetto di cervo all’Amarone e mirtilli rossi,"Rubino impenetrabile, dalla trama fitta e densa. Incipit di marasca in confettura e prugna,  poi alloro, carruba, liquirizia, legno di cedro, tabacco, mallo di noce, china e tamarindo. Si delineano ancora toni tostati di caffè e soffusa balsamicità. Delicati ed eleganti i sentori di viola e rosa appassite. Gusto rotondo e pieno, dal tannino potente, in cui il tenore alcolico integra una freschezza di qualità. Assaggio invitante, dal grande potenziale. ",na,na,na,na,na,na,
2,Italia,2013,Amarone Classico Riserva Sergio Zenato,Amarone della Valpolicella,Classico – Riserva,DOCG,Zenato,Veneto,90-94,star-4,Rosso fermo,Corvina 80% – Rondinella 10% – Croatina 5% – Oseleta 5%,16.5,90,90,16000,120 giorni di appassimento + 48 mesi in botte grande,Stracotto di musso all’amarone,"Lucente, compatto e impenetrabile rubino dalle sfumature granato. Disegna un quadro olfattivo che spazia dai sentori mentolati ai ricordi  di cuoio, cacao, ribes, mora, ciliegia sotto spirito; non si ferma e libera nuove percezioni aromatiche di spezie piccanti e una traccia ferrosa. Al palato è avvolgente e caldo, con una struttura monumentale, un equilibrio saldo e un fine tannino che accarezza il palato; in chiusura regala ricordi di cacao amaro.",na,na,na,na,na,na,
2,Italia,2015,Amarone Classico Riserva Sergio Zenato,Amarone della Valpolicella,Classico – Riserva,DOCG,Zenato,Veneto,90-94,star-4,Rosso fermo,Corvina 80% – Rondinella 10% – Croatina 5% – Oseleta 5%,16.5,90,90,16000,120 giorni di appassimento + 48 mesi in botte grande,Guanciale di manzo in umido con polenta,"Granato impenetrabile, di indiscussa concentrazione cromatica. Si caratterizza  per il nitore di spezie orientali, cioccolatino al liquore, carruba e amaro alle erbe. Di seguito, rosa canina e cannella insieme a scorze di arancia candite, cacao, grafite e tabacco.  La potenza fruttata, il tannino deciso e lo spessore minerale che compongono il sorso lo rendono gustoso e impeccabile, armonico grazie al bilanciamento di tutte le componenti Lungamente persistente.",na,na,na,na,na,na,
1,Italia,,Amarone Classico Riserva Sergio Zenato,Amarone della Valpolicella,Classico – Riserva,DOCG,Zenato,Veneto,90-94,3★-4★,Rosso fermo,Corvina – Rondinella – Croatina – Oseleta,16.5,na,na,16000,120 giorni di appassimento + 48-60 mesi in botte grande,Brasato di lepre – Stracotto di musso – Filetto di cervo all’Amarone e mirtilli rossi – Stracotto di musso all’amarone – Guanciale di manzo in umido con polenta,,na,na,na,na,na,na,
2,Italia,2012,Amarone Classico Vigne Alte,Amarone della Valpolicella,Classico,DOCG,Zeni,Veneto,30-34,star-3,Rosso fermo,Corvina 70% – Rondinella 20% – Molinara 10%,15.5,86,86,50000,90 giorni di appassimento + 36 mesi in botte grande,,,na,na,na,na,na,na,
2,Italia,2015,Amarone Classico Vigne Alte,Amarone della Valpolicella,Classico,DOCG,Zeni,Veneto,30-34,star-3,Rosso fermo,Corvina 40% – Corvinone 40% – Rondinella 20%,15.5,87,87,50000,90 giorni di appassimento + 36 mesi in botte grande,Monte veronese stagionato,"Rosso granato classico. Affascina con nuance di confettura di more, prugna disidratata, peonia, terriccio smosso ed eucalipto; poi spezie dolci e un tappeto di tostature. Sorso rotondo, la cui morbidezza è incalzata da tannino serrato e buona freschezza; in  seguito prevale la sapidità, che introduce una persistenza estesa e fruttata.",na,na,na,na,na,na,
2,Italia,2016,Amarone Classico Vigne Alte,Amarone della Valpolicella,Classico,DOCG,Zeni,Veneto,30-34,star-3,Rosso fermo,Corvina 40% – Corvinone 40% – Rondinella 20%,15.5,87,87,50000,90 giorni di appassimento + 36 mesi in botte grande,Carrè di maiale affumicato,"Rosso granato di buona consistenza. Sfilano riconoscimenti di mora, prugna e amarena in confettura, a braccetto con eucalipto, china e rabarbaro; poi pot-pourri di viola e rosa, peonia e geranio, con sfumature di cacao, pepe e cannella. Al gusto dispiega potenza e rotondità; ottimo equilibrio con tannino vivo ed elegante. Poi emerge la sapidità che sostiene una lunga progressione dai ritorni fruttati.",na,na,na,na,na,na,
2,Italia,2017,Amarone Classico Vigne Alte,Amarone della Valpolicella,Classico,DOCG,Zeni,Veneto,30-34,star-3,Rosso fermo,Corvina 40% – Corvinone 40% – Rondinella 20%,15.5,88,88,50000,90 giorni di appassimento + 36 mesi in botte grande,,,na,na,na,na,na,na,
1,Italia,,Amarone Classico Vigne Alte,Amarone della Valpolicella,Classico,DOCG,Zeni,Veneto,30-34,3★,Rosso fermo,Corvina – Corvinone – Rondinella – Molinara,15.5,na,na,50000,90 giorni di appassimento + 36 mesi in botte grande,Monte veronese stagionato – Carrè di maiale affumicato,,na,na,na,na,na,na,
2,Italia,2010,Amarone Barriques,Amarone della Valpolicella,,DOCG,Zeni,Veneto,35-39,star-3,Rosso fermo,Corvina 60% – Corvinone 20% – Rondinella 20%,16,87,87,10000,,Fagiano allo scorzone,"Rosso rubino vivace e di buona consistenza Invitante all'olfatto con iniziali note di marasche sotto spirito, prugna appassita e cacao. Sì arricchisce poi delle tonalità più scure, date dai sentori di tostatura, insieme alle spezie e alle sensazioni mentolate. Vivo e intenso al palato, mostra una scorrevole freschezza, con lunghi riverberi di frutta e raffinate percezioni minerali",na,na,na,na,na,na,
2,Italia,2015,Amarone Barriques,Amarone della Valpolicella,,DOCG,Zeni,Veneto,45-49,star-3,Rosso fermo,Corvina 50% – Corvinone 30% – Rondinella 20%,16,87,87,10000,,,,na,na,na,na,na,na,
1,Italia,,Amarone Barriques,Amarone della Valpolicella,,DOCG,Zeni,Veneto,45-49,3★,Rosso fermo,Corvina – Corvinone – Rondinella,16,na,na,10000,,Fagiano allo scorzone,,na,na,na,na,na,na,
2,Italia,2015,Amarone Classico Nino Zeni,Amarone della Valpolicella,Classico,DOCG,Zeni,Veneto,150-174,star-3,Rosso fermo,Corvina 50% – Corvinone 40% – Rondinella 10%,16,87,87,1870,150 giorni di appassimento + 60 mesi in botte grande e barrique,Sella di cervo ai mirtilli,"Rosso granato compatto. All'olfatto propone un gioco di equilibri, tra profumi suadenti di confettura di prugne e amarene, vaniglia e cacao zuccherato e sensazioni più cupe di chinotto, ginepro, radice di liquirizia e corteccia di pino. Al palato è ricco, caldo e avvolgente, bilanciato dallo slancio di freschezza e dal tannino fitto ma levigato.",na,na,na,na,na,na,
1,Italia,,Amarone Classico Nino Zeni,Amarone della Valpolicella,Classico,DOCG,Zeni,Veneto,150-174,3★,Rosso fermo,Corvina – Corvinone – Rondinella,16,na,na,1870,,Sella di cervo ai mirtilli,,na,na,na,na,na,na,
2,Italia,2009,Amarone Classico,Amarone della Valpolicella,Classico,DOCG,Zyme,Veneto,90-94,star-4,Rosso fermo,Corvina 40% – Corvinone 30% – Rondinella 15% – Oseleta 10% – Croatina 5%,15.5,90,90,5000,100 giorni di appassimento + 60 mesi in botte grande,Taglia di cervo al ginepro,"Veste rubino intenso tendente al granato, lento nel bicchiere. Incipit di grande impatto, concentrato nei profumi di ciliegia e durone sotto spirito, poi prugna e ribes, pepe nero e cannella. Aromi di viola, geranio e rosa canina, sentori balsamici e minerali completano l'ampio quadro olfattivo. Sulle papille si fa sentire un tannino ben delineato, supportato da una delicata freschezza. Lunga persistenza e finale dai ricordi speziati.",na,na,na,na,na,na,
2,Italia,2011,Amarone Classico,Amarone della Valpolicella,Classico,DOCG,Zyme,Veneto,90-94,star-4,Rosso fermo,Corvina 40% – Corvinone 30% – Rondinella 15% – Oseleta 10% – Croatina 5%,15.5,87,87,6000,100 giorni di appassimento + 60 mesi in botte grande,Brasato di manzo al curry,"Rosso rubino lucido, vivo e intenso. Elegante profilo balsamico di liquirizia, genziana e anice, con tessitura profonda di vaniglia, cardamomo, carruba, chiodi di garofano, scatola di sigari, cioccolato, cuoio e incenso. Sorso agilissimo  e dal tannino di seta. La continua evoluzione  di aromi finissimi regala una persistenza memorabile. ",na,na,na,na,na,na,
2,Italia,2013,Amarone Classico,Amarone della Valpolicella,Classico,DOCG,Zyme,Veneto,90-94,star-3,Rosso fermo,Corvina 40% – Corvinone 30% – Rondinella 15% – Oseleta 10% – Croatina 5%,15.5,88,88,6000,100 giorni di appassimento + 60 mesi in botte grande,Maialino da latte al forno,"Rubino dai riflessi granato. Olfatto tratteggiato da erbe aromatiche, caffè, polvere d'orzo, cioccolato fondente, timo, genziana, bacche  di ginepro, rosmarino e lavanda, confettura di ribes nero e mora. Grande equilibrio al palato, di struttura, dotato di morbidezza e deciso guizzo fresco; finale legato a grafite e legno di cedro.",na,na,na,na,na,na,
2,Italia,2015,Amarone Classico,Amarone della Valpolicella,Classico,DOCG,Zyme,Veneto,90-94,star-4,Rosso fermo,Corvina 40% – Corvinone 30% – Rondinella 15% – Oseleta 10% – Croatina 5%,15.5,90,90,6000,100 giorni di appassimento + 48 mesi in botte grande,Tordi in salmì,"Granato lucente dalle sfumature ancora rubino. Bouquet di grande finezza: confettura di more, rabarbaro, liquirizia, fungo e fogliame sono inseguiti da pepe nero, tabacco e vaniglia all'interno di volute balsamiche. Al palato prima avvolge con la morbidezza del velluto, poi scatta il carattere deciso del tannino. Persistenza molto estesa, limpida e definita da impronte di frutta e china. ",na,na,na,na,na,na,
2,Italia,2016,Amarone Classico,Amarone della Valpolicella,Classico,DOCG,Zyme,Veneto,90-94,star-5,Rosso fermo,Corvina 40% – Corvinone 30% – Rondinella 15% – Oseleta 10% – Croatina 5%,15.5,92,92,6000,100 giorni di appassimento + 60 mesi in botte grande,Brasato di angus,"Granato. Un tocco di humus si fa subito da parte per note di marasca e mora, fresche e in confettura. Poi lavanda e violetta, erbe aromatiche secche, caffè, cioccolato e liquirizia su tappeto balsamico. Ampio, gentile, importante, setoso, ma anche fresco e ben vispo, di grande armonia. ",na,na,na,na,na,na,
1,Italia,,Amarone Classico,Amarone della Valpolicella,Classico,DOCG,Zyme,Veneto,90-94,3★-5★,Rosso fermo,Corvina 40% – Corvinone 30% – Rondinella 15% – Oseleta 10% – Croatina 5%,15.5,na,na,6000,100 giorni di appassimento + 48-60 mesi in botte grande,Taglia di cervo al ginepro – Brasato di manzo al curry – Maialino da latte al forno – Tordi in salmì – Brasato di angus,,na,na,na,na,na,na,
