Produttore,Vino,Media Grezza,Prezzo,VScore,QP,2020,2019,2018,2017,2016,2015,2014,2013,2012,2011,2010
Badia a Coltibuono,Chianti Classico Riserva Cultus Boni,4.0,25-29,33,34,sv,sv,sv,4,4,5,sv,3,sv,sv,sv
Badia a Coltibuono,Chianti Classico Riserva Badia a Coltibuono,3.8,25-29,36,36,sv,sv,sv,4,5,4,sv,3,3,sv,sv
Badia a Coltibuono,Chianti Classico Badia a Coltibuono,3.0,10-14,7,16,sv,2,4,sv,sv,sv,sv,sv,sv,sv,sv
Badia a Coltibuono,Chianti Classico Selezione RS,1.7,10-14,1,3,sv,2,sv,sv,sv,2,1,sv,sv,sv,sv
Badia a Coltibuono,Chianti Classico,2.7,10-14,5,11,sv,sv,sv,sv,3,3,2,sv,sv,sv,sv
Bertani Toscana,Chianti Classico Gran Selezione Salivolpe,3.3,25-29,11,11,sv,sv,sv,3,4,3,sv,sv,sv,sv,sv
Bertani Toscana,Chianti Classico Al Limite,2.5,15-19,3,5,sv,sv,sv,2,3,sv,sv,sv,sv,sv,sv
Bertani Toscana,Chianti Classico Riserva Monsenese,2.5,20-24,3,4,sv,sv,sv,sv,2,3,sv,sv,sv,sv,sv
Bibbiano,Chianti Classico Gran Selezione Vigna Del Capannino,4.8,50-54,81,42,sv,sv,5,sv,5,5,4,5,sv,sv,sv
Bibbiano,Chianti Classico Gran Selezione Vigna Del Montornello,3.3,50-54,11,5,sv,sv,3,sv,sv,4,3,sv,sv,sv,sv
Bibbiano,Chianti Classico Riserva,3.2,50-54,15,8,sv,sv,3,3,4,3,3,sv,sv,sv,sv
Bibbiano,Chianti Classico,2.4,20-24,6,8,sv,2,3,2,2,3,sv,sv,sv,sv,sv
Bibbiano,Chianti Classico Montornello Riserva,4.0,15-19,6,10,sv,sv,sv,sv,sv,sv,sv,4,sv,sv,sv
Bindi Sergardi,Chianti Classico Gran Selezione Mocenni 89,4.0,45-49,40,23,sv,sv,sv,3,4,4,sv,5,4,sv,sv
Bindi Sergardi,Chianti Classico Ser Gardo,3.0,15-19,6,10,sv,sv,3,sv,3,3,sv,sv,sv,sv,sv
Bindi Sergardi,Chianti Classico Riserva I Colli,3.0,20-24,4,5,sv,sv,3,sv,sv,3,sv,sv,sv,sv,sv
Bindi Sergardi,Chianti Classico La Ghirlanda,3.0,15-19,9,14,sv,sv,3,3,3,3,sv,sv,sv,sv,sv
Bindi Sergardi,Chianti Classico Tenuta Marcianella Presoni,3.0,10-14,2,5,sv,sv,3,sv,sv,sv,sv,sv,sv,sv,sv
Bindi Sergardi,Chianti Classico Calidonia Riserva,3.0,25-29,6,6,sv,sv,sv,sv,3,3,3,sv,sv,sv,sv
Borgo Salcetino,Chianti Classico Riserva Lucarello,3.5,20-24,17,21,sv,sv,sv,3,4,4,sv,3,sv,sv,sv
Borgo Salcetino,Chianti Classico Salcetino,2.5,15-19,3,5,sv,sv,3,2,sv,sv,sv,sv,sv,sv,sv
Borgo Salcetino,Chianti Classico Gran Selezione I Salci,3.0,35-39,4,3,sv,sv,sv,sv,3,3,sv,sv,sv,sv,sv
Borgo Salcetino,Chianti Classico,2.0,10-14,1,2,sv,sv,sv,sv,sv,2,sv,sv,sv,sv,sv
Capannelle,Chianti Classico Gran Selezione,3.7,60-64,23,10,sv,sv,sv,sv,3,3,sv,5,sv,sv,sv
Capannelle,Chianti Classico Riserva,2.8,30-34,12,10,sv,sv,sv,2,2,3,3,4,sv,sv,sv
Carpineto,Chianti Classico Riserva,2.5,15-19,3,5,sv,sv,sv,2,sv,3,sv,sv,sv,sv,sv
Carpineto,Chianti Classico,2.5,10-14,3,6,sv,2,sv,3,sv,sv,sv,sv,sv,sv,sv
Carpineto,Chianti Classico Gran Selezione,3.0,45-49,4,2,sv,sv,sv,sv,3,3,sv,sv,sv,sv,sv
Casa Emma,Chianti Classico Gran Selezione,3.6,50-54,31,16,sv,sv,sv,5,3,4,sv,3,3,sv,sv
Casa Emma,Chianti Classico Riserva Vignalparco,2.7,20-24,5,6,sv,3,sv,sv,3,sv,sv,2,sv,sv,sv
Casa Emma,Chianti Classico,2.6,20-24,11,13,sv,3,4,2,sv,2,2,sv,sv,sv,sv
Casa Emma,Chianti Classico Riserva,2.0,30-34,1,1,sv,sv,sv,sv,2,sv,sv,2,sv,sv,sv
Casale Dello Sparviero,Chianti Classico Gran Selezione Vigna Paronza,3.2,40-44,18,11,sv,sv,3,sv,4,3,sv,4,2,sv,sv
Casale Dello Sparviero,Chianti Classico Riserva,2.4,20-24,6,8,sv,sv,3,sv,3,2,sv,2,2,sv,sv
Casale Dello Sparviero,Chianti Classico,2.3,15-19,4,7,sv,2,sv,3,2,2,sv,sv,sv,sv,sv
Casale Dello Sparviero,Chianti Classico Gran Selezione Andrighetti,2.5,15-19,3,5,sv,sv,sv,sv,sv,sv,sv,3,2,sv,sv
Castellare Di Castellina,Chianti Classico Riserva Vigna Il Poggiale,3.0,25-29,16,16,sv,sv,3,3,3,2,3,4,sv,sv,sv
Castellare Di Castellina,Chianti Classico Riserva,2.8,20-24,11,14,sv,sv,3,3,3,3,3,2,sv,sv,sv
Castellare Di Castellina,Chianti Classico,2.3,15-19,7,11,sv,3,3,2,2,2,2,sv,sv,sv,sv
Castellinuzza,Chianti Classico Riserva,4.0,25-29,6,6,sv,sv,sv,sv,4,sv,sv,sv,sv,sv,sv
Castellinuzza,Chianti Classico Gran Selezione,3.0,35-39,2,2,sv,sv,sv,sv,sv,3,sv,sv,sv,sv,sv
Castellinuzza,Chianti Classico,2.0,15-19,1,1,sv,sv,sv,2,sv,sv,sv,sv,sv,sv,sv
Castello Di Ama,Chianti Classico Riserva Montebuoni,3.0,30-34,2,2,sv,sv,3,sv,sv,sv,sv,sv,sv,sv,sv
Castello Di Ama,Chianti Classico Gran Selezione San Lorenzo,3.2,40-44,15,10,sv,sv,sv,3,3,3,4,3,sv,sv,sv
Castello Di Ama,Chianti Classico Ama,2.5,20-24,9,11,sv,3,3,2,2,3,2,sv,sv,sv,sv
Castello Di Ama,Chianti Classico Gran Selezione Vigneto Bellavista,5.0,200-249,56,7,sv,sv,sv,sv,5,5,sv,5,sv,sv,sv
Castello Di Ama,Chianti Classico Gran Selezione Vigneto La Casuccia,4.0,200-249,27,3,sv,sv,sv,sv,4,5,sv,3,sv,sv,sv
Castello Di Albola,Chianti Classico Gran Selezione Santa Caterina,4.0,30-34,6,5,sv,sv,4,sv,sv,sv,sv,sv,sv,sv,sv
Castello Di Albola,Chianti Classico Riserva,3.0,20-24,2,3,sv,sv,3,sv,sv,sv,sv,sv,sv,sv,sv
Castello Di Albola,Chianti Classico,3.0,10-14,2,5,sv,3,sv,sv,sv,sv,sv,sv,sv,sv,sv
Castello Di Cacchiano,Chianti Classico,3.0,15-19,9,14,sv,sv,sv,3,3,sv,sv,3,3,sv,sv
Castello Di Cacchiano,Chianti Classico Gran Selezione Millennio,3.0,30-34,4,4,sv,sv,sv,sv,sv,3,sv,3,sv,sv,sv
Castello Di Cacchiano,Chianti Classico Riserva,3.0,25-29,4,4,sv,sv,sv,sv,sv,3,sv,3,sv,sv,sv
Castello Di Fonterutoli,Chianti Classico Gran Selezione Vicoregio 36,3.5,55-59,8,4,sv,sv,3,4,sv,sv,sv,sv,sv,sv,sv
Castello Di Fonterutoli,Chianti Classico Gran Selezione Badiola,3.5,55-59,8,4,sv,sv,3,4,sv,sv,sv,sv,sv,sv,sv
Castello Di Fonterutoli,Chianti Classico Riserva Ser Lapo,2.2,15-19,6,9,sv,sv,3,2,2,2,2,2,sv,sv,sv
Castello Di Fonterutoli,Chianti Classico Gran Selezione Castello Di Fonterutoli,3.0,45-49,4,2,sv,sv,3,3,sv,sv,sv,sv,sv,sv,sv
Castello Di Fonterutoli,Chianti Classico Fonterutoli,2.4,15-19,6,10,sv,sv,2,2,2,3,3,sv,sv,sv,sv
Castello Di Fonterutoli,Chianti Classico Gran Selezione,3.0,40-44,6,4,sv,sv,sv,sv,3,3,sv,3,sv,sv,sv
Castello Di Gabbiano,Chianti Classico Gran Selezione Cavaliere d'Oro Bellezza,3.5,30-34,20,17,sv,sv,sv,2,4,4,sv,4,sv,sv,sv
Castello Di Gabbiano,Chianti Classico Riserva Cavaliere d'Oro,2.6,20-24,8,10,sv,sv,2,2,3,3,3,sv,sv,sv,sv
Castello Di Gabbiano,Chianti Classico Cavaliere d'Oro,2.0,10-14,3,7,sv,sv,2,2,2,2,sv,sv,sv,sv,sv
Castello Di Meleto,Chianti Classico Gran Selezione Vigna Poggiarso,4.0,45-49,6,4,sv,sv,sv,4,sv,sv,sv,sv,sv,sv,sv
Castello Di Meleto,Chianti Classico Gran Selezione Vigna Casi,3.0,35-39,2,2,sv,sv,sv,3,sv,sv,sv,sv,sv,sv,sv
Castello Di Meleto,Chianti Classico Riserva,3.0,20-24,4,5,sv,sv,3,3,sv,sv,sv,sv,sv,sv,sv
Castello Di Meleto,Chianti Classico,2.2,15-19,6,9,sv,2,3,2,2,2,sv,2,sv,sv,sv
Castello Di Meleto,Chianti Classico Riserva Vigna Casi,3.0,25-29,6,6,sv,sv,sv,sv,3,3,3,sv,sv,sv,sv
Castello Di Meleto,Chianti Classico Riserva Vigna Poggiarso,3.0,25-29,2,2,sv,sv,sv,sv,3,sv,sv,sv,sv,sv,sv
Castello Di Meleto,Chianti Classico 50° anniversario,3.0,25-29,2,2,sv,sv,sv,sv,3,sv,sv,sv,sv,sv,sv
Castello Di Meleto,Chianti Classico Gran Selezione,3.3,35-39,11,8,sv,sv,sv,sv,sv,3,sv,4,3,sv,sv
Castello Di Meleto,Chianti Classico Riserva Borgaio,2.0,15-19,1,1,sv,sv,2,sv,sv,sv,sv,sv,sv,sv,sv
Castello Di Monsanto,Chianti Classico Gran Selezione Il Poggio,4.8,55-59,100,47,sv,sv,sv,sv,5,5,4,5,5,5,sv
Castello Di Monsanto,Chianti Classico,2.3,15-19,7,11,sv,3,3,2,2,2,2,sv,sv,sv,sv
Castello Di Monsanto,Chianti Classico Riserva,3.2,25-29,20,20,sv,sv,3,4,4,3,3,2,sv,sv,sv
Castello Di Poppiano,Chianti Classico Riserva Belvedere Campoli,3.0,30-34,6,5,sv,sv,3,sv,3,3,sv,sv,sv,sv,sv
Castello Di Poppiano,Chianti Classico Gran Selezione Il Tabernacolo,3.0,40-44,4,3,sv,sv,sv,3,sv,3,sv,sv,sv,sv,sv
Castello Di Poppiano,Chianti Classico Belvedere Campoli,2.0,20-24,1,1,sv,sv,sv,2,sv,sv,sv,sv,sv,sv,sv
Castello Di Querceto,Chianti Classico Gran Selezione La Corte,3.5,25-29,8,8,sv,sv,3,4,sv,sv,sv,sv,sv,sv,sv
Castello Di Querceto,Chianti Classico Gran Selezione Il Picchio,2.6,25-29,8,8,sv,sv,3,3,2,2,sv,3,sv,sv,sv
Castello Di Querceto,Chianti Classico Riserva,2.0,20-24,4,5,sv,sv,2,2,2,2,2,2,sv,sv,sv
Castello Di Querceto,Chianti Classico,2.0,10-14,4,8,sv,2,2,2,2,2,sv,sv,sv,sv,sv
Castello Di Radda,Chianti Classico Riserva,3.3,20-24,13,16,sv,sv,sv,sv,4,4,2,sv,sv,sv,sv
Castello Di Radda,Chianti Classico,3.2,10-14,15,33,sv,4,3,3,3,3,sv,sv,sv,sv,sv
Castello Di Radda,Chianti Classico Gran Selezione Il Corno,3.7,35-39,26,19,sv,sv,sv,sv,sv,5,4,2,sv,sv,sv
Castello Di Volpaia,Chianti Classico Gran Selezione Coltassala,4.3,40-44,63,40,sv,sv,4,5,4,4,sv,5,4,sv,sv
Castello Di Volpaia,Chianti Classico Gran Selezione Il Puro Vigneto Casanova,4.0,80-84,48,16,sv,sv,sv,3,3,5,sv,4,5,sv,sv
Castello Di Volpaia,Chianti Classico Riserva Castello Di Volpaia,3.0,25-29,16,16,sv,sv,3,3,3,3,4,2,sv,sv,sv
Castello Di Volpaia,Chianti Classico Volpaia,2.3,15-19,7,11,sv,3,2,2,2,3,2,sv,sv,sv,sv
Castello La Leccia,Chianti Classico Riserva,3.4,25-29,27,27,sv,sv,3,sv,5,3,3,sv,3,sv,sv
Castello La Leccia,Chianti Classico Gran Selezione Bruciagna,3.0,40-44,6,4,sv,sv,3,sv,sv,3,sv,3,sv,sv,sv
Castello La Leccia,Chianti Classico,2.6,15-19,8,12,sv,3,sv,3,2,2,sv,3,sv,sv,sv
Castello Vicchiomaggio,Chianti Classico Gran Selezione La Prima,4.0,40-44,46,30,sv,sv,sv,4,4,4,5,4,3,sv,sv
Castello Vicchiomaggio,Chianti Classico Riserva Agostino Petri,2.8,25-29,11,11,sv,sv,3,3,3,3,sv,3,2,sv,sv
Castello Vicchiomaggio,Chianti Classico Guado Alto,2.5,15-19,6,9,sv,3,3,2,2,sv,sv,sv,sv,sv,sv
Castello Vicchiomaggio,Chianti Classico San Jacopo,2.7,15-19,5,8,sv,sv,sv,3,sv,3,2,sv,sv,sv,sv
Castello Vicchiomaggio,Chianti Classico Gran Selezione Le Bolle,4.0,85-89,6,2,sv,sv,sv,sv,4,sv,sv,sv,sv,sv,sv
Cecchi,Chianti Classico Gran Selezione Villa Rosa,4.8,40-44,63,40,sv,sv,4,5,5,5,sv,sv,sv,sv,sv
Cecchi,Chianti Classico Riserva Villa Cerna,2.8,30-34,11,10,sv,sv,3,3,3,2,3,3,sv,sv,sv
Cecchi,Chianti Classico Villa Rosa Ribaldoni,2.0,25-29,1,1,sv,sv,sv,2,2,sv,sv,sv,sv,sv,sv
Cecchi,Chianti Classico Villa Cerna Primocolle,2.5,15-19,3,5,sv,sv,sv,sv,sv,3,2,sv,sv,sv,sv
Cecchi,Chianti Classico Riserva Di Famiglia,3.0,25-29,2,2,sv,sv,sv,sv,sv,sv,sv,3,sv,sv,sv
Cinciano,Chianti Classico Gran Selezione,4.0,25-29,6,6,sv,sv,sv,sv,4,sv,sv,sv,sv,sv,sv
Cinciano,Chianti Classico Riserva,3.0,15-19,2,3,sv,sv,sv,3,sv,sv,sv,sv,sv,sv,sv
Cinciano,Chianti Classico,3.0,10-14,2,5,sv,sv,3,sv,sv,sv,sv,sv,sv,sv,sv
Cinciano,Chianti Classico Riserva Camponi,3.0,20-24,2,3,sv,sv,sv,3,sv,sv,sv,sv,sv,sv,sv
Dievole,Chianti Classico Riserva Novecento,2.8,25-29,9,9,sv,sv,3,sv,3,3,3,2,sv,sv,sv
Dievole,Chianti Classico Dievole,3.0,10-14,9,19,sv,sv,3,sv,3,3,3,sv,sv,sv,sv
Dievole,Chianti Classico Gran Selezione Vigna Di Sessina,3.0,40-44,6,4,sv,sv,sv,sv,3,3,sv,sv,sv,3,sv
Fattorie Casaloste,Chianti Classico Gran Selezione,3.0,40-44,9,6,sv,sv,sv,sv,4,2,sv,sv,sv,3,sv
Fattorie Casaloste,Chianti Classico Riserva,2.8,30-34,7,6,sv,sv,sv,3,3,2,sv,sv,sv,3,sv
Fattorie Casaloste,Chianti Classico,2.2,20-24,5,6,sv,sv,3,2,2,2,2,sv,sv,sv,sv
Fattorie Casaloste,Chianti Classico Gran Selezione Don Vincenzo,3.0,60-64,4,2,sv,sv,sv,sv,sv,3,sv,3,sv,sv,sv
Fattoria della Aiola,Chianti Classico Riserva,3.0,15-19,4,7,sv,sv,sv,3,sv,3,sv,sv,sv,sv,sv
Fattoria della Aiola,Chianti Classico Gran Selezione Cancello Rosso,3.0,25-29,2,2,sv,sv,sv,3,sv,sv,sv,sv,sv,sv,sv
Fattoria della Aiola,Chianti Classico,2.0,10-14,1,3,sv,sv,2,sv,2,sv,sv,sv,sv,sv,sv
Felsina,Chianti Classico Gran Selezione Colonia,4.5,85-89,50,16,sv,sv,5,4,sv,sv,sv,4,sv,5,sv
Felsina,Chianti Classico Riserva Rancia,3.6,30-34,31,27,sv,sv,4,3,3,5,3,sv,sv,sv,sv
Felsina,Chianti Classico Riserva Berardenga,2.6,20-24,8,10,sv,sv,2,3,3,3,sv,2,sv,sv,sv
Felsina,Chianti Classico Berardenga,2.6,15-19,8,12,sv,sv,2,3,3,3,2,sv,sv,sv,sv
Fontodi,Chianti Classico Gran Selezione Vigna Del Sorbo,4.5,60-64,83,36,sv,sv,5,5,5,3,5,4,sv,sv,sv
Fontodi,Chianti Classico,2.8,25-29,11,11,sv,sv,3,3,2,3,3,3,sv,sv,sv
Fontodi,Chianti Classico Filetta di Lamole,3.2,25-29,15,15,sv,sv,3,3,3,4,3,sv,sv,sv,sv
Gagliole,Chianti Classico Gran Selezione Gallule,3.0,60-64,2,1,sv,sv,3,sv,sv,sv,sv,sv,sv,sv,sv
Gagliole,Chianti Classico Riserva,3.0,30-34,2,2,sv,sv,3,sv,sv,sv,sv,sv,sv,sv,sv
Gagliole,Chianti Classico Rubiolo,2.5,15-19,9,14,sv,2,2,3,3,3,2,sv,sv,sv,sv
Geografico,Chianti Classico Riserva Contessa Di Radda,2.7,15-19,5,8,sv,sv,3,3,sv,sv,sv,2,sv,sv,sv
Geografico,Chianti Classico Riserva Montegiachi,2.7,15-19,5,8,sv,sv,3,sv,3,sv,sv,2,sv,sv,sv
Geografico,Chianti Classico Contessa Di Radda,2.0,10-14,2,5,sv,2,2,sv,sv,sv,2,sv,sv,sv,sv
I Sodi,Chianti Classico Riserva,3.2,20-24,15,18,sv,sv,sv,3,3,4,3,3,sv,sv,sv
I Sodi,Chianti Classico,2.6,10-14,8,18,sv,sv,3,3,2,3,2,sv,sv,sv,sv
Il Molino di Grace,Chianti Classico Gran Selezione Il Margone,3.6,35-39,31,23,sv,sv,3,sv,4,3,sv,5,3,sv,sv
Il Molino di Grace,Chianti Classico Riserva,2.8,25-29,9,9,sv,sv,3,3,3,3,2,sv,sv,sv,sv
Il Molino di Grace,Chianti Classico,2.0,15-19,1,2,sv,sv,2,sv,sv,2,sv,sv,sv,sv,sv
Il Molino di Grace,Chianti Classico Solosangiovese,2.0,10-14,1,2,sv,sv,sv,sv,2,sv,sv,sv,sv,sv,sv
Isole e Olena,Chianti Classico,2.8,20-24,9,11,sv,sv,3,3,3,3,2,sv,sv,sv,sv
Istine,Chianti Classico Vigna Istine,2.7,30-34,24,20,sv,5,3,2,2,2,2,sv,sv,sv,sv
Istine,Chianti Classico Vigna Casanova dell'Aia,2.5,30-34,6,5,sv,3,3,2,sv,2,sv,sv,sv,sv,sv
Istine,Chianti Classico Vigna Cavarchione,3.2,30-34,20,17,sv,4,4,3,3,3,2,sv,sv,sv,sv
Istine,Chianti Classico,2.8,15-19,14,23,sv,3,4,3,2,3,2,sv,sv,sv,sv
Istine,Chianti Classico Riserva Levigne,3.8,35-39,36,26,sv,sv,sv,5,4,4,3,3,sv,sv,sv
La Sala Del Torriano,Chianti Classico Gran Selezione Il Torriano,4.0,45-49,6,4,sv,sv,4,sv,sv,sv,sv,sv,sv,sv,sv
La Sala Del Torriano,Chianti Classico Riserva,4.0,25-29,6,6,sv,sv,4,sv,sv,sv,sv,sv,sv,sv,sv
La Sala Del Torriano,Chianti Classico,2.0,15-19,1,1,sv,2,sv,sv,sv,sv,sv,sv,sv,sv,sv
Lamole Di Lamole,Chianti Classico Gran Selezione Vigna Grospoli,4.0,45-49,13,7,sv,sv,4,sv,sv,sv,sv,4,sv,sv,sv
Lamole Di Lamole,Chianti Classico Gran Selezione Vigneto Di Campolungo,3.0,35-39,4,3,sv,sv,sv,3,3,sv,sv,sv,sv,sv,sv
Lamole Di Lamole,Chianti Classico Riserva Lareale,3.0,25-29,2,2,sv,sv,3,sv,sv,sv,sv,sv,sv,sv,sv
Lamole Di Lamole,Chianti Classico Duelame,2.0,15-19,1,1,sv,2,sv,sv,sv,sv,sv,sv,sv,sv,sv
Lamole Di Lamole,Chianti Classico Maggiolo,2.0,15-19,1,1,sv,2,sv,sv,sv,sv,sv,sv,sv,sv,sv
Lamole Di Lamole,Chianti Classico Riserva,4.0,25-29,6,6,sv,sv,sv,sv,4,sv,sv,sv,sv,sv,sv
Lamole Di Lamole,Chianti Classico Etichetta Blu,2.0,15-19,1,1,sv,sv,sv,2,sv,sv,sv,sv,sv,sv,sv
Lamole Di Lamole,Chianti Classico,2.0,10-14,1,2,sv,sv,sv,2,sv,sv,sv,sv,sv,sv,sv
Lamole Di Lamole,Chianti Classico Castello Di Lamole Le Stinche,3.0,15-19,4,7,sv,sv,sv,sv,sv,sv,sv,3,3,sv,sv
Lamole Di Lamole,Chianti Classico Riserva Castello Di Lamole,3.0,25-29,2,2,sv,sv,sv,sv,sv,sv,sv,sv,3,sv,sv
Lamole Di Lamole,Chianti Classico Gran Selezione Lama Della Villa,4.0,60-64,6,3,sv,sv,sv,sv,sv,sv,sv,sv,4,sv,sv
Le Cinciole,Chianti Classico Gran Selezione Aluigi,3.4,35-39,19,14,sv,sv,sv,sv,4,3,3,3,4,sv,sv
Le Cinciole,Chianti Classico Le Cinciole,2.2,15-19,6,9,sv,sv,2,2,3,2,2,2,sv,sv,sv
Le Filigare,Chianti Classico Riserva Maria Vittoria,3.2,20-24,15,18,sv,sv,3,3,3,sv,sv,4,sv,3,sv
Le Filigare,Chianti Classico Le Filigare,2.0,10-14,4,8,sv,2,2,2,sv,2,2,sv,sv,sv,sv
Le Filigare,Chianti Classico Gran Selezione Lorenzo,3.0,25-29,2,2,sv,sv,sv,sv,3,sv,sv,sv,sv,sv,sv
Le Filigare,Chianti Classico Lorenzo,1.7,25-29,1,1,sv,sv,sv,sv,sv,2,2,1,sv,sv,sv
Lornano,Chianti Classico Gran Selezione,4.0,45-49,27,16,sv,sv,sv,sv,4,5,sv,sv,3,sv,sv
Lornano,Chianti Classico Lornano,3.0,15-19,9,14,sv,sv,3,3,3,sv,sv,3,sv,sv,sv
Lornano,Chianti Classico Riserva Le Bandite,4.0,20-24,40,49,sv,sv,sv,3,5,4,sv,4,4,sv,sv
Lornano,Chianti Classico Riserva,2.0,20-24,1,1,sv,sv,sv,sv,sv,sv,sv,sv,2,sv,sv
Losi Querciavalle,Chianti Classico Gran Selezione Losi Millennium,3.3,25-29,13,13,sv,sv,sv,sv,sv,sv,sv,3,3,4,3
Losi Querciavalle,Chianti Classico Querciavalle,2.8,10-14,9,21,sv,sv,sv,3,3,3,sv,3,2,sv,sv
Losi Querciavalle,Chianti Classico Riserva Querciavalle,3.8,20-24,44,54,sv,sv,sv,sv,3,5,sv,5,3,3,sv
Marchesi Antinori,Chianti Classico Gran Selezione Badia a Passignano,3.7,35-39,29,22,sv,sv,3,4,4,4,sv,sv,4,3,sv
Marchesi Antinori,Chianti Classico Riserva Marchese Antinori,3.2,30-34,17,14,sv,sv,3,3,4,3,3,3,sv,sv,sv
Marchesi Antinori,Chianti Classico Peppoli,2.3,15-19,7,11,sv,3,2,2,2,3,2,sv,sv,sv,sv
Marchesi Antinori,Chianti Classico Riserva Villa Antinori,2.5,20-24,6,7,sv,sv,sv,3,3,2,sv,2,sv,sv,sv
Monteraponi,Chianti Classico Riserva Il Campitello,4.5,50-54,83,43,sv,sv,5,5,5,5,4,3,sv,sv,sv
Monteraponi,Chianti Classico Baron Ugo,3.5,40-44,8,5,sv,sv,sv,3,sv,sv,4,sv,sv,sv,sv
Monteraponi,Chianti Classico,2.8,25-29,9,9,sv,3,3,sv,3,3,2,sv,sv,sv,sv
Nittardi,Chianti Classico Riserva Nittardi,2.8,35-39,7,5,sv,sv,2,sv,3,3,sv,3,sv,sv,sv
Nittardi,Chianti Classico Casanuova Di Nittardi Vigna Doghessa,2.2,15-19,6,9,sv,2,2,3,2,2,2,sv,sv,sv,sv
Nittardi,Chianti Classico Belcanto,2.3,15-19,4,7,sv,2,sv,2,sv,3,2,sv,sv,sv,sv
Ormanni,Chianti Classico Riserva Borro Del Diavolo,4.8,20-24,81,100,sv,sv,sv,5,4,5,sv,5,5,sv,sv
Ormanni,Chianti Classico Ormanni,2.6,10-14,8,18,sv,sv,3,3,3,2,2,sv,sv,sv,sv
Ormanni,Chianti Classico Gran Selezione Etichetta Storica,3.7,25-29,23,23,sv,sv,sv,sv,3,5,sv,sv,3,sv,sv
Ormanni,Chianti Classico Gran Selezione Etichetta Storica Dugentanni,4.0,45-49,6,4,sv,sv,sv,sv,sv,sv,sv,4,sv,sv,sv
Panzanello,Chianti Classico Riserva 1427,4.5,40-44,25,16,sv,sv,5,sv,4,sv,sv,sv,sv,sv,sv
Panzanello,Chianti Classico Panzanello,3.0,15-19,4,7,sv,3,3,sv,sv,sv,sv,sv,sv,sv,sv
Panzanello,Chianti Classico 1427,3.0,25-29,4,4,sv,sv,3,3,sv,sv,sv,sv,sv,sv,sv
Podere Poggio Scalette,Chianti Classico Poggio Scalette,2.8,15-19,12,19,sv,3,4,3,sv,2,2,sv,sv,sv,sv
Poggio Bonelli,Chianti Classico,2.3,10-14,4,10,sv,sv,2,sv,sv,3,2,2,sv,sv,sv
Poggio Bonelli,Chianti Classico Riserva,2.8,20-24,7,9,sv,sv,sv,3,2,3,sv,3,sv,sv,sv
Querceto Di Castellina,Chianti Classico Gran Selezione Sei,3.0,40-44,16,10,sv,sv,4,3,3,2,sv,3,3,sv,sv
Querceto Di Castellina,Chianti Classico L'Aura,3.0,15-19,13,20,sv,3,3,3,3,3,3,sv,sv,sv,sv
Querciabella,Chianti Classico Riserva,3.0,40-44,13,9,sv,sv,3,3,2,3,sv,4,sv,sv,sv
Querciabella,Chianti Classico,2.0,25-29,4,4,sv,2,2,2,2,sv,2,sv,sv,sv,sv
Ricasoli,Chianti Classico Gran Selezione Ceniprimo,4.0,50-54,27,14,sv,sv,5,4,3,sv,sv,sv,sv,sv,sv
Ricasoli,Chianti Classico Gran Selezione Colledila,3.8,50-54,44,23,sv,sv,5,5,3,3,sv,3,sv,sv,sv
Ricasoli,Chianti Classico Gran Selezione Castello Di Brolio,4.3,45-49,46,26,sv,sv,4,sv,5,3,sv,5,sv,sv,sv
Ricasoli,Chianti Classico Gran Selezione Roncicone,4.0,50-54,19,10,sv,sv,4,4,4,sv,sv,sv,sv,sv,sv
Ricasoli,Chianti Classico Brolio Bettino,3.0,15-19,9,14,sv,sv,3,3,sv,3,sv,3,sv,sv,sv
Ricasoli,Chianti Classico Brolio,2.4,10-14,6,15,sv,sv,3,2,2,2,3,sv,sv,sv,sv
Ricasoli,Chianti Classico Riserva Rocca Guicciarda,2.5,10-14,3,6,sv,sv,sv,2,sv,sv,sv,3,sv,sv,sv
Ricasoli,Chianti Classico Riserva Brolio,2.6,20-24,8,10,sv,sv,sv,3,2,2,3,3,sv,sv,sv
Riecine,Chianti Classico Riserva,4.3,40-44,31,20,sv,sv,5,4,sv,4,sv,sv,sv,sv,sv
Riecine,Chianti Classico,3.0,25-29,13,13,sv,3,3,3,3,3,3,sv,sv,sv,sv
Rocca delle Macie,Chianti Classico Gran Selezione Sergio Zingarelli,4.0,60-64,65,29,sv,sv,sv,5,5,4,3,5,2,sv,sv
Rocca delle Macie,Chianti Classico Gran Selezione Riserva Di Fizzano,3.6,30-34,31,27,sv,sv,3,sv,4,5,3,3,sv,sv,sv
Rocca delle Macie,Chianti Classico Riserva Ser Gioveto,3.0,25-29,6,6,sv,sv,3,sv,3,3,sv,sv,sv,sv,sv
Rocca delle Macie,Chianti Classico Riserva Famiglia Zingarelli,3.3,20-24,21,26,sv,sv,3,3,3,4,3,4,sv,sv,sv
Rocca delle Macie,Chianti Classico Tenuta Sant'Alfonso,2.7,15-19,10,16,sv,2,3,3,2,3,3,sv,sv,sv,sv
Rocca delle Macie,Chianti Classico Famiglia Zingarelli,1.8,15-19,3,5,sv,2,2,2,2,sv,1,sv,sv,sv,sv
Rocca di Castagnoli,Chianti Classico Gran Selezione Stielle,3.3,35-39,11,8,sv,sv,sv,3,sv,4,3,sv,sv,sv,sv
Rocca di Castagnoli,Chianti Classico Riserva Capraia,3.0,25-29,4,4,sv,sv,3,sv,sv,3,sv,sv,sv,sv,sv
Rocca di Castagnoli,Chianti Classico,2.2,15-19,5,8,sv,2,2,sv,2,3,2,sv,sv,sv,sv
Rocca di Castagnoli,Chianti Classico Tempi,5.0,150-174,19,3,sv,sv,sv,sv,sv,sv,sv,5,sv,sv,sv
Rocca di Castagnoli,Chianti Classico Riserva Poggio A'Frati,2.0,20-24,2,3,sv,sv,sv,sv,2,2,sv,2,sv,sv,sv
Rocca di Castagnoli,Chianti Classico Capraia,2.0,15-19,1,1,sv,sv,sv,sv,2,sv,sv,sv,sv,sv,sv
Rocca di Castagnoli,Chianti Classico Gran Selezione Effe 55,3.0,35-39,2,2,sv,sv,sv,sv,sv,sv,3,sv,sv,sv,sv
Rocca di Montegrossi,Chianti Classico Gran Selezione Vigneto San Marcellino,3.8,40-44,21,14,sv,sv,sv,sv,4,3,4,sv,4,sv,sv
Rocca di Montegrossi,Chianti Classico,2.3,15-19,7,11,sv,2,2,3,2,2,3,sv,sv,sv,sv
Ruffino,Chianti Classico Gran Selezione Riserva Ducale Oro,3.0,30-34,27,23,sv,sv,sv,5,2,4,2,sv,2,sv,sv
Ruffino,Chianti Classico Riserva Ducale,3.0,15-18,4,7,sv,sv,3,3,sv,sv,sv,sv,sv,sv,sv
Ruffino,Chianti Classico Santedame,2.0,15-18,4,6,sv,sv,2,2,2,sv,2,sv,2,sv,sv
Ruffino,Chianti Classico Gran Selezione Romitorio Di Santedame,3.0,45-49,2,1,sv,sv,sv,sv,3,sv,sv,sv,sv,sv,sv
San Giusto A Rentennano,Chianti Classico Riserva Le Baroncole,4.2,25-29,44,44,sv,sv,4,4,4,5,4,sv,sv,sv,sv
San Giusto A Rentennano,Chianti Classico,2.8,15-19,9,15,sv,3,3,3,3,2,sv,sv,sv,sv,sv
Tenuta Di Arceno,Chianti Classico Gran Selezione Strada Al Sasso,2.8,30-34,17,14,sv,sv,4,4,3,2,sv,2,2,sv,sv
Tenuta Di Arceno,Chianti Classico Riserva,2.6,20-24,8,10,sv,sv,3,3,3,2,2,sv,sv,sv,sv
Tenuta Di Arceno,Chianti Classico,2.2,15-19,6,9,sv,3,2,2,2,2,2,sv,sv,sv,sv
Tenuta Di Lilliano,Chianti Classico Gran Selezione,3.8,30-34,42,35,sv,sv,4,4,4,3,3,5,sv,sv,sv
Tenuta Di Lilliano,Chianti Classico Riserva,3.0,25-29,13,13,sv,sv,3,3,3,3,3,3,sv,sv,sv
Tenuta Di Lilliano,Chianti Classico,2.0,15-19,4,7,sv,2,2,2,2,2,2,sv,sv,sv,sv
Tenuta La Madonnina,Chianti Classico La Palaia,2.3,20-24,8,10,sv,sv,3,3,1,2,3,2,sv,sv,sv
Tenuta La Madonnina,Chianti Classico Gran Selezione La Madonnina,2.8,25-29,11,11,sv,sv,2,3,3,3,3,3,sv,sv,sv
Tenuta La Madonnina,Chianti Classico Riserva La Madonnina,2.7,15-19,13,20,sv,sv,2,3,2,4,3,2,sv,sv,sv
Tenuta La Madonnina,Chianti Classico Bello Stento,2.3,10-14,4,10,sv,sv,2,sv,2,3,2,sv,sv,sv,sv
Tolaini,Chianti Classico Gran Selezione Vigna Montebello Sette,3.3,25-29,43,43,sv,sv,sv,5,5,3,2,3,sv,2,sv
Tolaini,Chianti Classico Vallenuova,2.8,15-19,9,15,sv,3,3,3,2,3,sv,sv,sv,sv,sv
Torraccia Di Presura,Chianti Classico Gran Selezione,2.8,40-44,9,6,sv,sv,3,3,sv,3,sv,sv,3,2,sv
Torraccia Di Presura,Chianti Classico,2.3,15-19,4,7,sv,3,2,2,sv,2,sv,sv,sv,sv,sv
Torraccia Di Presura,Chianti Classico Riserva Il Tarocco,2.6,20-24,8,10,sv,sv,2,3,3,2,3,sv,sv,sv,sv
Torraccia Di Presura,Chianti Classico Il Tarocco,2.0,15-19,4,7,sv,2,3,2,2,1,sv,sv,sv,sv,sv
Val Delle Corti,Chianti Classico,3.0,20-24,2,3,sv,sv,3,sv,sv,sv,sv,sv,sv,sv,sv
Val Delle Corti,Chianti Classico Riserva,3.0,35-39,2,2,sv,sv,sv,3,sv,sv,sv,sv,sv,sv,sv
Vallepicciola,Chianti Classico Gran Selezione Lapina,3.0,35-39,2,2,sv,sv,sv,3,sv,sv,sv,sv,sv,sv,sv
Vallepicciola,Chianti Classico,2.3,15-19,4,7,sv,2,sv,2,2,3,sv,sv,sv,sv,sv
Vallepicciola,Chianti Classico Riserva,3.0,25-29,4,4,sv,sv,sv,sv,3,3,sv,sv,sv,sv,sv
Vecchie Terre Di Montefili,Chianti Classico Gran Selezione,3.0,35-39,4,3,sv,sv,sv,3,3,sv,sv,sv,sv,sv,sv
Vecchie Terre Di Montefili,Chianti Classico,2.7,20-24,10,12,sv,sv,3,3,3,3,2,2,sv,sv,sv
Vecchie Terre Di Montefili,Chianti Classico Gran Selezione Vigna Vecchia,3.5,45-49,8,5,sv,sv,sv,sv,3,4,sv,sv,sv,sv,sv
Vecchie Terre Di Montefili,Chianti Classico Riserva,3.7,35-39,23,17,sv,sv,sv,sv,sv,5,sv,3,3,sv,sv
Vignamaggio,Chianti Classico Gran Selezione Monna Lisa,3.5,25-29,17,17,sv,sv,sv,4,3,3,sv,4,sv,sv,sv
Vignamaggio,Chianti Classico Riserva Gherardino,2.5,15-19,6,9,sv,sv,sv,3,2,2,sv,3,sv,sv,sv
Vignamaggio,Chianti Classico Terre Di Prenzano,2.0,10-14,3,7,sv,sv,2,2,2,sv,2,sv,sv,sv,sv
Villa Calcinaia,Chianti Classico Gran Selezione Vigna La Fornace,4.5,45-49,25,14,sv,sv,4,sv,5,sv,sv,sv,sv,sv,sv
Villa Calcinaia,Chianti Classico Gran Selezione Vigna Bastignano,3.6,45-49,31,18,sv,sv,3,4,3,5,sv,3,sv,sv,sv
Villa Calcinaia,Chianti Classico Gran Selezione Vigna Contessa Luisa,3.0,45-49,9,5,sv,sv,3,sv,4,sv,sv,2,sv,sv,sv
Villa Calcinaia,Chianti Classico Riserva,3.7,25-29,26,26,sv,sv,sv,2,5,4,sv,sv,sv,sv,sv
Villa Calcinaia,Chianti Classico,2.2,15-19,5,8,sv,sv,2,3,2,2,sv,2,sv,sv,sv
Villa Le Corti,Chianti Classico Gran Selezione Zac,4.0,50-54,21,11,sv,sv,5,sv,sv,3,sv,sv,sv,sv,sv
Villa Le Corti,Chianti Classico Gran Selezione Don Tommaso,4.3,30-34,38,32,sv,sv,4,sv,5,4,sv,4,sv,sv,sv
Villa Le Corti,Chianti Classico Riserva Cortevecchia,3.3,20-24,13,16,sv,sv,3,sv,4,3,sv,3,sv,sv,sv
Villa Le Corti,Chianti Classico Le Corti,2.5,15-19,6,9,sv,sv,3,sv,3,2,sv,2,sv,sv,sv
Frescobaldi,Chianti Classico Gran Selezione Rialzi Tenuta Perano,5.0,35-39,19,14,sv,sv,sv,sv,5,sv,sv,sv,sv,sv,sv
Frescobaldi,Chianti Classico Tenuta Perano,3.0,10-14,2,5,sv,sv,sv,3,sv,sv,sv,sv,sv,sv,sv
Frescobaldi,Chianti Classico Riserva Tenuta Perano,4.0,20-24,6,8,sv,sv,sv,sv,4,sv,sv,sv,sv,sv,sv
Frescobaldi,Chianti Classico Gran Selezione Rialzi,4.0,50-54,6,3,sv,sv,sv,sv,sv,4,sv,sv,sv,sv,sv
Frescobaldi,Chianti Classico,3.0,20-24,4,5,sv,sv,sv,sv,3,3,sv,sv,sv,sv,sv
Frescobaldi,Chianti Classico Riserva,3.0,30-34,2,2,sv,sv,sv,sv,sv,3,sv,sv,sv,sv,sv
Monterinaldi,Chianti Classico,3.0,15-19,2,3,sv,sv,sv,3,sv,sv,sv,sv,sv,sv,sv
Monterinaldi,Chianti Classico Vigneto Boscone,3.0,30-39,2,2,sv,sv,sv,sv,3,sv,sv,sv,sv,sv,sv
Monterinaldi,Chianti Classico Riserva Castello Monterinaldi,4.0,25-29,6,6,sv,sv,sv,sv,4,sv,sv,sv,sv,sv,sv
Monterinaldi,Chianti Classico Castello Monterinaldi,3.0,15-19,2,3,sv,sv,sv,sv,3,sv,sv,sv,sv,sv,sv
Fattoria di Valiano,Chianti Classico Gran Selezione 6.38,3.0,20-24,4,5,sv,sv,sv,sv,3,3,sv,sv,sv,sv,sv
Fattoria di Valiano,Chianti Classico,2.0,10-14,2,5,sv,sv,sv,2,2,sv,sv,2,sv,sv,sv
Fattoria di Valiano,Chianti Classico Poggio Teo,2.3,15-19,4,6,sv,sv,sv,3,2,sv,sv,sv,2,sv,sv
Fattoria di Valiano,Chianti Classico Riserva,3.0,20-24,2,3,sv,sv,sv,sv,sv,sv,sv,sv,sv,3,sv
Castello Dei Rampolla,Chianti Classico,2.7,15-19,5,8,sv,sv,3,sv,sv,3,2,sv,sv,sv,sv
Colle Bereto,Chianti Classico,2.4,15-19,6,10,sv,sv,3,2,2,3,2,sv,sv,sv,sv
Colle Bereto,Chianti Classico Riserva,3.0,35-39,9,6,sv,sv,sv,sv,3,3,3,3,sv,sv,sv
Colle Bereto,Chianti Classico Gran Selezione,4.4,40-44,65,42,sv,sv,sv,sv,5,5,4,5,sv,3,sv
Brancaia,Chianti Classico,2.0,15-19,4,6,sv,sv,2,2,2,2,2,sv,sv,sv,sv
Brancaia,Chianti Classico Riserva,2.8,25-29,12,12,sv,sv,sv,4,3,3,2,2,sv,sv,sv
Castelvecchi,Chianti Classico Gran Selezione Madonnino Della Pieve,3.3,45-49,11,6,sv,sv,sv,sv,4,3,sv,3,sv,sv,sv
Castelvecchi,Chianti Classico Capotondo,2.3,15-19,4,6,sv,sv,2,3,2,sv,sv,sv,sv,sv,sv
Castelvecchi,Chianti Classico Riserva Lodolaio,3.3,30-34,11,9,sv,sv,sv,4,3,3,sv,sv,sv,sv,sv
Banfi,Chianti Classico Fonte Alla Selva,2.0,10-14,2,5,sv,sv,2,sv,2,2,sv,sv,sv,sv,sv
Banfi,Chianti Classico Gran Selezione Fonte Alla Selva,2.5,20-24,3,4,sv,sv,sv,sv,sv,2,sv,3,sv,sv,sv
Fattoria Casa Sola,Chianti Classico Gran Selezione,3.3,50-54,13,7,sv,sv,sv,sv,4,sv,4,2,sv,sv,sv
Fattoria Casa Sola,Chianti Classico Riserva,2.7,30-34,5,4,sv,sv,sv,sv,2,sv,3,3,sv,sv,sv
Fattoria Casa Sola,Chianti Classico Casa Sola,2.3,15-19,4,6,sv,sv,sv,sv,3,2,2,sv,sv,sv,sv
Antica Fattoria Machiavelli,Chianti Classico Gran Selezione Vigna Di Fontalle,3.0,15-19,4,7,sv,sv,sv,3,sv,3,sv,sv,sv,sv,sv
Antica Fattoria Machiavelli,Chianti Classico Solatio del Tani,2.0,10-14,1,3,sv,sv,sv,2,2,sv,sv,sv,sv,sv,sv
Quercia Al Poggio,Chianti Classico Gran Selezione Vigna Lecataste,4.0,30-34,27,23,sv,sv,sv,sv,sv,3,sv,4,5,sv,sv
Quercia Al Poggio,Chianti Classico Riserva,3.8,25-29,36,36,sv,sv,sv,sv,3,5,sv,3,4,4,sv
Quercia Al Poggio,Chianti Classico,2.8,15-19,9,15,sv,sv,sv,2,3,3,sv,3,3,sv,sv
Castello Di Bossi,Chianti Classico,2.0,15-19,2,3,sv,sv,sv,sv,2,2,sv,2,sv,sv,sv
Castello Di Bossi,Chianti Classico Riserva Berardo,2.5,30-34,3,2,sv,sv,sv,sv,sv,3,sv,sv,2,sv,sv
Castello Di Bossi,Chianti Classico Gran Selezione,3.0,35-39,4,3,sv,sv,sv,sv,sv,3,sv,3,sv,sv,sv
Castello Di Bossi,Chianti Classico Riserva,2.0,25-29,1,1,sv,sv,sv,sv,sv,sv,sv,sv,2,sv,sv
Fattoria Poggerino,Chianti Classico Riserva Bugialla,3.0,35-39,2,2,sv,sv,sv,sv,3,sv,sv,sv,sv,sv,sv
Fattoria Poggerino,Chianti Classico,2.5,15-19,3,5,sv,sv,sv,sv,3,sv,sv,2,sv,sv,sv
La Montanina,Chianti Classico,3.0,10-14,2,5,sv,sv,sv,sv,3,sv,sv,sv,sv,sv,sv
Pagliarese,Chianti Classico,3.0,10-14,4,10,sv,sv,sv,3,3,sv,sv,sv,sv,sv,sv
Pagliarese,Chianti Classico Riserva,3.5,20-24,8,10,sv,sv,sv,sv,3,4,sv,sv,sv,sv,sv
Caparsa,Chianti Classico Riserva Caparsino,3.5,35-39,25,18,sv,sv,sv,sv,5,3,sv,3,3,sv,sv
Caparsa,Chianti Classico Riserva Doccio a Matteo,3.3,55-59,11,5,sv,sv,sv,sv,4,3,sv,sv,3,sv,sv
Caparsa,Chianti Classico,3.0,30-34,2,2,sv,sv,sv,sv,3,sv,sv,sv,sv,sv,sv
Caparsa,Chianti Classico Caparsino,3.0,20-24,2,3,sv,sv,sv,sv,sv,sv,3,sv,sv,sv,sv
Terre Di Perseto,Chianti Classico Albore,2.0,10-14,1,3,sv,sv,sv,sv,2,2,sv,sv,sv,sv,sv
Terre Di Perseto,Chianti Classico Albore,3.0,15-19,4,7,sv,sv,sv,sv,sv,3,sv,3,sv,sv,sv
Fattoria Carpineta Fontalpino,Chianti Classico Dofana,2.7,30-34,5,4,sv,sv,sv,2,3,3,sv,sv,sv,sv,sv
Fattoria Carpineta Fontalpino,Chianti Classico Fontalpino,2.5,15-19,6,9,sv,sv,sv,3,3,2,2,sv,sv,sv,sv
Fattoria Carpineta Fontalpino,Chianti Classico Montaperto,3.0,30-34,9,8,sv,sv,sv,2,3,4,sv,sv,sv,sv,sv
Fattoria Carpineta Fontalpino,Chianti Classico Riserva Fontalpino,3.0,30-34,2,2,sv,sv,sv,sv,sv,sv,sv,3,sv,sv,sv
Maurizio Alongi,Chianti Classico Riserva Vigna Barbischi,3.0,25-29,4,4,sv,sv,sv,sv,3,3,sv,sv,sv,sv,sv
Il Barlettaio,Chianti Classico,2.5,15-19,3,5,sv,sv,sv,sv,sv,sv,sv,3,2,sv,sv
Il Barlettaio,Chianti Classico Riserva,4.0,20-24,6,8,sv,sv,sv,sv,sv,sv,sv,sv,sv,4,sv
Borgo Scopeto,Chianti Classico,2.0,10-14,2,5,sv,sv,sv,sv,sv,2,2,2,sv,sv,sv
Borgo Scopeto,Chianti Classico Riserva Vigna Misciano,3.0,15-19,4,7,sv,sv,sv,sv,sv,sv,sv,3,3,sv,sv
Tenute Piccini,Chianti Classico Valiano Poggio Teo,3.0,20-24,2,3,sv,sv,sv,sv,sv,3,sv,sv,sv,sv,sv
Tenute Piccini,Chianti Classico Valiano,2.0,15-19,1,1,sv,sv,sv,sv,sv,2,sv,sv,sv,sv,sv
San Giorgio a Lapi,Chianti Classico Riserva Bandecca,2.0,20-24,1,1,sv,sv,sv,sv,sv,sv,sv,2,sv,sv,sv
San Giorgio a Lapi,Chianti Classico,2.0,10-14,1,3,sv,sv,sv,sv,sv,2,2,sv,sv,sv,sv
San Giorgio a Lapi,Chianti Classico Poggiorlando,2.0,10-14,1,2,sv,sv,sv,sv,sv,2,sv,sv,sv,sv,sv
Terreno,Chianti Classico A Sofia,3.0,35-39,2,2,sv,sv,sv,sv,sv,sv,sv,sv,3,sv,sv
Terreno,Chianti Classico,2.0,15-19,1,1,sv,sv,sv,sv,sv,sv,2,sv,sv,sv,sv
Terreno,Chianti Classico Riserva,3.0,20-24,2,3,sv,sv,sv,sv,sv,sv,sv,3,sv,sv,sv
Livernano,Chianti Classico Gran Selezione Casalvento,3.0,45-49,2,1,sv,sv,sv,sv,sv,sv,sv,3,sv,sv,sv
Livernano,Chianti Classico Gran Selezione Livernano,4.0,45-49,6,4,sv,sv,sv,sv,sv,sv,sv,4,sv,sv,sv
Livernano,Chianti Classico Riserva Livernano,4.0,15-19,6,10,sv,sv,sv,sv,sv,sv,sv,4,sv,sv,sv
Livernano,Chianti Classico Riserva Casalvento,2.0,15-19,1,1,sv,sv,sv,sv,sv,sv,sv,2,sv,sv,sv
Livernano,Chianti Classico Casalvento,2.0,10-14,1,2,sv,sv,sv,sv,sv,sv,sv,2,sv,sv,sv
Livernano,Chianti Classico Livernano,2.0,10-14,1,2,sv,sv,sv,sv,sv,sv,sv,2,sv,sv,sv
Villa A Sesta,Chianti Classico Il Palei,2.0,5-9,1,6,sv,sv,sv,sv,sv,sv,2,2,sv,sv,sv
Villa A Sesta,Chianti Classico Riserva,3.0,10-14,4,10,sv,sv,sv,sv,sv,sv,sv,3,3,sv,sv
Villa A Sesta,Chianti Classico Gran Selezione Sorleone,3.0,25-29,4,4,sv,sv,sv,sv,sv,sv,sv,3,3,sv,sv
Villa A Sesta,Chianti Classico Il Rosennano,2.0,5-9,1,3,sv,sv,sv,sv,sv,sv,sv,2,sv,sv,sv
Tenuta Di Nozzole,Chianti Classico Gran Selezione,3.0,30-34,2,2,sv,sv,sv,sv,sv,sv,sv,3,sv,sv,sv
Tenuta Di Nozzole,Chianti Classico Riserva La Forra,3.0,20-24,2,3,sv,sv,sv,sv,sv,sv,sv,3,sv,sv,sv
Tenuta Di Nozzole,Chianti Classico Nozzole,2.0,10-14,1,2,sv,sv,sv,sv,sv,2,sv,sv,sv,sv,sv
Tenuta Degli Dei,Chianti Classico,2.0,10-14,1,2,sv,sv,sv,sv,sv,sv,2,sv,sv,sv,sv
Antico Borgo Di Sugame,Chianti Classico,3.0,10-14,2,5,sv,sv,sv,sv,sv,sv,3,sv,sv,sv,sv
Antico Borgo Di Sugame,Chianti Classico Riserva,3.0,20-24,2,3,sv,sv,sv,sv,sv,sv,sv,3,sv,sv,sv
Castello Di Selvole,Chianti Classico Gran Selezione Ponte Rosso,2.0,25-29,1,1,sv,sv,sv,sv,sv,sv,sv,sv,2,sv,sv
Castello Di Selvole,Chianti Classico Riserva,2.0,20-24,1,1,sv,sv,sv,sv,sv,sv,sv,sv,2,sv,sv
Castello Di Selvole,Chianti Classico,1.0,15-19,1,1,sv,sv,sv,sv,sv,sv,1,sv,sv,sv,sv
Podere Torcilacqua,Chianti Classico Gran Selezione,3.0,20-24,2,3,sv,sv,sv,sv,sv,sv,sv,3,sv,sv,sv
Podere Torcilacqua,Chianti Classico,2.0,10-14,1,2,sv,sv,sv,sv,sv,sv,sv,2,sv,sv,sv
Pomona,Chianti Classico Riserva Villa Pomona,3.0,15-19,2,3,sv,sv,sv,sv,sv,sv,sv,3,sv,sv,sv
Pomona,Chianti Classico Villa Pomona,2.0,10-14,1,2,sv,sv,sv,sv,sv,sv,2,sv,sv,sv,sv
San Fabiano Calcinaia,Chianti Classico San Fabiano Calcinaia,2.0,15-19,1,1,sv,sv,sv,sv,sv,sv,2,sv,sv,sv,sv
San Fabiano Calcinaia,Chianti Classico Gran Selezione Cellole,3.0,25-29,2,2,sv,sv,sv,sv,sv,sv,sv,3,sv,sv,sv
Tenuta Di Vignole,Chianti Classico Gran Selezione Crespine,3.0,25-29,2,2,sv,sv,sv,sv,sv,sv,sv,3,sv,sv,sv
Tenuta Di Vignole,Chianti Classico Riserva Campicaia,3.0,15-19,2,3,sv,sv,sv,sv,sv,sv,sv,3,sv,sv,sv
Tenuta Di Vignole,Chianti Classico Vignole,3.0,10-14,2,5,sv,sv,sv,sv,sv,sv,sv,3,sv,sv,sv
Fattoria Viticcio,Chianti Classico Gran Selezione Prunaio,4.0,15-19,6,10,sv,sv,sv,sv,sv,sv,sv,4,sv,sv,sv
Fattoria Viticcio,Chianti Classico Riserva Viticcio,3.0,15-19,2,3,sv,sv,sv,sv,sv,sv,sv,3,sv,sv,sv
Fattoria Viticcio,Chianti Classico Viticcio,2.0,10-14,1,2,sv,sv,sv,sv,sv,sv,sv,2,sv,sv,sv
Badia Di Morrona,Chianti Riserva I Sodi Del Paretaio,3.0,15-19,18,29,sv,sv,4,4,2,3,3,2,sv,sv,sv
Badia Di Morrona,Chianti I Sodi Del Paretaio,2.3,5-9,7,28,2,3,3,2,2,2,sv,sv,sv,sv,sv
Pietro Beconcini,Chianti Riserva Pietro Beconcini,2.2,20-24,5,6,sv,sv,2,2,2,3,sv,2,sv,sv,sv
Pietro Beconcini,Chianti Antiche Vie,2.0,10-14,1,2,sv,2,sv,sv,sv,sv,sv,sv,sv,sv,sv
Camperchi,Chianti Riserva Prima Selezione,2.0,20-24,1,1,sv,sv,sv,sv,2,sv,sv,sv,sv,sv,sv
Camperchi,Chianti Sasso Lupaio,2.0,5-9,1,3,sv,sv,sv,sv,2,sv,sv,sv,sv,sv,sv
Camperchi,Chianti Riserva Sasso Lupaio,2.0,10-14,1,2,sv,sv,sv,sv,sv,sv,2,sv,sv,sv,sv
Cappella Sant'Andrea,Chianti Colli Senesi Arciduca,2.0,15-19,1,2,sv,sv,2,2,sv,sv,sv,sv,sv,sv,sv
Casale Di Falchini,Chianti Titolato Colombaia,1.6,10-14,2,5,sv,sv,2,1,2,1,2,sv,sv,sv,sv
Casanova Della Spinetta,Chianti Riserva,3.0,25-29,4,4,sv,sv,sv,sv,3,3,sv,sv,sv,sv,sv
Castello Del Trebbio,Chianti Rufina Riserva Lastricato,2.8,25-29,11,11,sv,sv,sv,3,3,3,2,3,3,sv,sv
Castello Del Trebbio,Chianti Superiore,2.2,10-14,5,11,sv,sv,3,2,2,2,2,sv,sv,sv,sv
Castello Di Farnetella,Chianti Colli Senesi,1.8,5-9,2,9,sv,2,sv,2,2,sv,1,sv,sv,sv,sv
Castello Di Poppiano,Chianti Colli Fiorentini Riserva Castello Di Poppiano,2.0,25-29,4,4,sv,sv,3,sv,2,2,1,2,sv,sv,sv
Castello Di Poppiano,Chianti Colli Fiorentini Il Cortile,2.0,15-19,3,5,sv,sv,sv,2,2,2,2,sv,sv,sv,sv
Castello Di Poppiano,Chianti Le Terre Di Poppiano,1.0,10-14,1,1,sv,sv,1,sv,sv,sv,sv,sv,sv,sv,sv
Castello Sonnino,Chianti Montespertoli Riserva Castello Di Montespertoli,2.8,10-14,11,26,sv,sv,3,3,2,3,3,3,sv,sv,sv
Castello Sonnino,Chianti Montespertoli Sonnino,2.0,5-9,3,11,sv,sv,2,2,2,2,sv,sv,sv,sv,sv
Castelvecchio,Chianti Colli Fiorentini Il Castelvecchio,2.3,15-19,4,7,sv,3,2,2,sv,2,sv,sv,sv,sv,sv
Castelvecchio,Chianti Santa Caterina,2.0,5-9,4,14,sv,2,1,2,sv,3,sv,sv,sv,sv,sv
Castelvecchio,Chianti Colli Fiorentini Riserva La Quercia,3.0,25-29,6,6,sv,sv,sv,3,3,sv,sv,3,sv,sv,sv
Fattoria Dianella,Chianti Riserva,3.0,25-29,9,9,sv,sv,sv,3,3,3,sv,3,sv,sv,sv
Fattoria Dianella,Chianti,2.4,10-14,7,16,sv,3,3,2,3,1,sv,sv,sv,sv,sv
Fattoria Selvapiana,Chianti Rufina Riserva Vigneto Bucerchiale,4.6,30-34,69,58,sv,sv,5,4,5,5,sv,4,sv,sv,sv
Fattoria Selvapiana,Chianti Rufina,2.4,10-14,6,15,sv,2,2,2,3,sv,3,sv,sv,sv,sv
Fattoria Selvapiana,Chianti Rufina Riserva Vigneto Erchi,4.0,50-54,21,11,sv,sv,sv,5,3,sv,sv,sv,sv,sv,sv
Fattoria Torre A Cona,Chianti Colli Fiorentini Riserva Badia A Corte,3.0,25-29,2,2,sv,sv,3,sv,sv,sv,sv,sv,sv,sv,sv
Fattoria Torre A Cona,Chianti Colli Fiorentini Riserva Terre Di Cino,3.0,25-29,2,2,sv,sv,3,sv,sv,sv,sv,sv,sv,sv,sv
Fattoria Torre A Cona,Chianti Colli Fiorentini,3.0,10-14,2,5,sv,3,sv,sv,sv,sv,sv,sv,sv,sv,sv
Frascole,Chianti Rufina Frascole,2.8,10-14,11,26,sv,3,3,3,3,3,2,sv,sv,sv,sv
Frascole,Chianti Rufina Riserva Frascole,3.0,25-29,16,16,sv,sv,3,3,4,3,2,3,sv,sv,sv
Guicciardini Strozzi,Chianti Colli Senesi Titolato Strozzi,2.0,10-14,4,8,sv,2,2,2,2,2,sv,sv,sv,sv,sv
I Veroni,Chianti Rufina Riserva Vigneto Quona,4.3,20-24,71,87,sv,sv,4,4,5,5,5,3,sv,sv,sv
I Veroni,Chianti Rufina I Domi,2.5,10-14,9,21,sv,2,3,3,3,3,1,sv,sv,sv,sv
Il Colombaio Di Santa Chiara,Chianti Colli Senesi Riserva Il Priore,1.8,20-24,4,4,sv,sv,sv,2,2,2,2,1,2,sv,sv
Il Colombaio Di Santa Chiara,Chianti Colli Senesi Campale,2.0,10-14,1,3,sv,sv,sv,sv,sv,2,2,sv,sv,sv,sv
Il Palagione,Chianti Colli Senesi Caelum,2.0,10-14,1,2,sv,2,sv,sv,sv,sv,sv,sv,sv,sv,sv
La Querce,Chianti Colli Fiorentini Riserva La Torretta,2.6,15-19,8,12,sv,sv,3,2,3,3,2,sv,sv,sv,sv
La Querce,Chianti Colli Fiorentini Sorrettole,1.5,5-9,1,6,sv,2,2,sv,1,1,sv,sv,sv,sv,sv
Lavacchio,Chianti Rufina Cedro,2.2,10-14,6,13,sv,3,2,2,2,2,2,sv,sv,sv,sv
Lavacchio,Chianti Puro,1.2,10-14,1,2,sv,2,1,1,1,1,sv,sv,sv,sv,sv
Lavacchio,Chianti Riserva Puro,1.3,10-14,1,2,sv,sv,sv,sv,1,2,1,sv,sv,sv,sv
Lavacchio,Chianti Rufina Ludiè,3.0,55-59,9,4,sv,sv,sv,sv,sv,3,sv,3,3,3,sv
Lavacchio,Chianti Rufina Riserva Cedro,2.5,15-19,6,9,sv,sv,sv,sv,2,3,sv,3,sv,2,sv
Malenchini,Chianti Colli Fiorentini Riserva,3.0,20-24,2,3,sv,sv,3,sv,sv,sv,sv,sv,sv,sv,sv
Malenchini,Chianti Superiore,2.0,20-24,1,1,sv,sv,2,sv,sv,sv,sv,sv,sv,sv,sv
Malenchini,Chianti Colli Fiorentini,2.0,10-14,1,2,sv,2,sv,sv,sv,sv,sv,sv,sv,sv,sv
Mannucci Droandi,Chianti Colli Aretini,3.0,10-14,2,5,sv,3,sv,sv,sv,sv,sv,sv,sv,sv,sv
Marchesi Gondi,Chianti Rufina San Giuliano,1.8,15-19,4,6,sv,2,1,2,2,2,sv,2,sv,sv,sv
Marchesi Gondi,Chianti Rufina Riserva Villa Bossi,2.8,35-39,12,9,sv,sv,sv,sv,3,3,2,2,sv,4,sv
Marchesi Gondi,Chianti Rufina Riserva Pian Dei Sorbi,2.3,25-29,4,4,sv,sv,sv,sv,2,2,sv,2,3,sv,sv
Marzocco Di Poppiano,Chianti Colli Fiorentini Riserva Marzocco Di Poppiano,3.0,15-19,6,10,sv,sv,sv,sv,3,3,3,sv,sv,sv,sv
Marzocco Di Poppiano,Chianti Colli Fiorentini Marzocco Di Poppiano,2.5,10-14,3,6,sv,3,2,sv,sv,sv,sv,sv,sv,sv,sv
Montechiaro,Chianti Colli Senesi Riserva Anno Domini 345,2.8,20-24,9,11,sv,sv,3,3,3,3,2,sv,sv,sv,sv
Montechiaro,Chianti Colli Senesi Anno Domini 345,2.3,10-14,4,8,sv,sv,2,sv,2,3,sv,sv,sv,sv,sv
Mormoraia,Chianti Colli Senesi Riserva Trochus,2.0,15-19,1,1,sv,sv,sv,sv,2,sv,sv,sv,sv,sv,sv
Panizzi,Chianti Colli Senesi Riserva Vertunno,2.0,10-14,4,8,sv,sv,sv,sv,2,2,2,2,2,sv,sv
Poggio Bonelli,Chianti Colli Senesi,2.3,5-9,4,14,sv,sv,2,3,2,sv,sv,sv,sv,sv,sv
Poggio Bonelli,Chianti Villa Chigi,2.0,5-9,3,11,sv,2,2,sv,2,2,sv,sv,sv,sv,sv
Poggiotondo,Chianti Le Rancole,2.4,15-19,6,10,sv,sv,2,2,3,3,2,sv,sv,sv,sv
Ruffino,Chianti Biologico,2.0,5-9,1,3,sv,sv,2,sv,sv,sv,sv,sv,sv,sv,sv
Ruffino,Chianti Nuovo Fiasco,2.0,10-14,1,2,sv,sv,sv,sv,sv,sv,2,sv,sv,sv,sv
Salcheto,Chianti Biskero,2.0,5-9,1,3,2,sv,sv,sv,sv,sv,sv,sv,sv,sv,sv
Salcheto,Chianti Colli Senesi,3.0,5-9,2,8,sv,sv,sv,sv,3,sv,sv,sv,sv,sv,sv
San Benedetto,Chianti Colli Senesi,2.0,10-14,1,2,sv,2,sv,sv,sv,sv,sv,sv,sv,sv,sv
San Benedetto,Chianti Riserva,2.5,20-24,6,7,sv,sv,sv,sv,3,2,sv,3,2,sv,sv
San Benedetto,Chianti,1.3,15-19,1,1,sv,sv,sv,1,2,sv,1,sv,sv,sv,sv
Sensi,Chianti Riserva Vinciano,2.0,15-19,2,3,sv,sv,2,2,2,sv,sv,sv,sv,sv,sv
Sensi,Chianti Riserva Dal Campo,2.0,5-9,2,8,sv,sv,2,2,2,sv,sv,sv,sv,sv,sv
Sensi,Chianti Vinciano,1.7,10-14,1,3,sv,2,2,sv,1,sv,sv,sv,sv,sv,sv
Sensi,Chianti Superiore Vegante Biologico,1.5,5-9,1,3,sv,sv,1,2,sv,sv,sv,sv,sv,sv,sv
Sensi,Chianti Campoluce,2.0,5-9,1,6,sv,sv,2,sv,2,sv,sv,sv,sv,sv,sv
Tenuta Canto Alla Moraia,Chianti Bacco Felice,2.0,20-24,1,2,sv,2,2,sv,sv,sv,sv,sv,sv,sv,sv
Tenuta Di Artimino,Chianti Montalbano,2.0,10-14,3,7,sv,2,2,2,2,sv,sv,sv,sv,sv,sv
Tenuta Di Colle Alberti,Chianti,1.0,5-9,1,2,1,1,sv,sv,sv,sv,sv,sv,sv,sv,sv
Tenuta Di Colle Alberti,Chianti Governo All’Uso Toscano,2.0,10-14,1,2,sv,sv,2,sv,sv,sv,sv,sv,sv,sv,sv
Tenuta Di Trecciano,Chianti Colli Senesi Riserva Terra Rossa,3.0,15-19,13,20,sv,sv,3,3,3,3,3,3,sv,sv,sv
Tenuta Di Trecciano,Chianti Colli Senesi,2.0,10-14,4,10,2,2,2,2,2,2,sv,sv,sv,sv,sv
Tenuta San Jacopo,Chianti Riserva Poggio Ai Grilli,2.0,15-19,1,1,sv,sv,2,sv,sv,sv,sv,sv,sv,sv,sv
Tenute San Fabiano,Chianti Superiore Etichetta Nera,1.8,10-14,3,7,sv,2,2,2,sv,2,1,sv,sv,sv,sv
Tenute San Fabiano,Chianti Putto San Fabiano,1.6,5-9,2,9,sv,2,2,2,1,1,sv,sv,sv,sv,sv
Tenute San Fabiano,Chianti Riserva San Fabiano,2.0,10-14,3,7,sv,sv,2,sv,2,2,2,sv,sv,sv,sv
Uggiano,Chianti Riserva,2.0,15-19,1,2,sv,sv,2,2,sv,sv,sv,sv,sv,sv,sv
Vagnoni,Chianti Colli Senesi,1.8,5-9,3,11,sv,2,2,2,2,sv,1,sv,sv,sv,sv
Vagnoni,Chianti Colli Senesi Riserva Capanneto,2.0,15-19,1,2,sv,sv,sv,2,sv,2,sv,sv,sv,sv,sv
Villa Poggio Salvi,Chianti Colli Senesi Caspagnolo,2.0,10-14,4,8,2,2,sv,2,2,2,sv,sv,sv,sv,sv
Villa Saletta,Chianti Superiore,2.0,10-14,1,2,sv,sv,sv,sv,2,sv,sv,sv,sv,sv,sv
Villa Sant’Anna,Chianti Colli Senesi,2.3,5-9,4,17,sv,3,sv,2,sv,2,sv,2,sv,sv,sv
